1, 20200417  00:00:00, 1.087065, 1.086985, 1.087065, 1.08701,
1, 20200417  00:01:00, 1.087025, 1.086875, 1.08701, 1.08696,
1, 20200417  00:02:00, 1.087095, 1.08696, 1.08696, 1.08707,
1, 20200417  00:03:00, 1.0872, 1.087045, 1.08707, 1.08719,
1, 20200417  00:04:00, 1.087195, 1.087045, 1.08719, 1.08711,
1, 20200417  00:05:00, 1.087205, 1.08711, 1.08711, 1.08716,
1, 20200417  00:06:00, 1.08728, 1.08716, 1.08716, 1.087225,
1, 20200417  00:07:00, 1.087225, 1.087135, 1.087225, 1.087145,
1, 20200417  00:08:00, 1.087145, 1.087005, 1.087145, 1.087085,
1, 20200417  00:09:00, 1.08711, 1.08708, 1.087085, 1.08709,
1, 20200417  00:10:00, 1.087095, 1.08708, 1.08709, 1.087095,
1, 20200417  00:11:00, 1.087095, 1.08704, 1.087095, 1.08704,
1, 20200417  00:12:00, 1.08704, 1.086865, 1.08704, 1.086895,
1, 20200417  00:13:00, 1.086965, 1.086855, 1.086895, 1.086905,
1, 20200417  00:14:00, 1.086905, 1.08679, 1.086905, 1.086825,
1, 20200417  00:15:00, 1.086835, 1.08675, 1.086825, 1.086765,
1, 20200417  00:16:00, 1.086795, 1.08675, 1.086765, 1.086795,
1, 20200417  00:17:00, 1.08683, 1.086745, 1.086795, 1.086775,
1, 20200417  00:18:00, 1.08678, 1.086645, 1.086775, 1.08668,
1, 20200417  00:19:00, 1.086685, 1.08655, 1.08668, 1.086605,
1, 20200417  00:20:00, 1.08662, 1.086555, 1.086605, 1.0866,
1, 20200417  00:21:00, 1.086725, 1.08659, 1.0866, 1.08659,
1, 20200417  00:22:00, 1.086595, 1.086515, 1.08659, 1.086575,
1, 20200417  00:23:00, 1.086725, 1.086575, 1.086575, 1.086685,
1, 20200417  00:24:00, 1.086685, 1.08666, 1.086685, 1.08666,
1, 20200417  00:25:00, 1.08666, 1.086465, 1.08666, 1.08648,
1, 20200417  00:26:00, 1.086495, 1.086445, 1.08648, 1.086485,
1, 20200417  00:27:00, 1.086515, 1.086375, 1.086485, 1.086485,
1, 20200417  00:28:00, 1.086525, 1.086485, 1.086485, 1.08651,
1, 20200417  00:29:00, 1.08665, 1.086505, 1.08651, 1.08663,
1, 20200417  00:30:00, 1.086775, 1.08663, 1.08663, 1.086745,
1, 20200417  00:31:00, 1.086805, 1.086745, 1.086745, 1.086805,
1, 20200417  00:32:00, 1.08682, 1.0868, 1.086805, 1.086805,
1, 20200417  00:33:00, 1.08699, 1.086805, 1.086805, 1.086985,
1, 20200417  00:34:00, 1.08703, 1.086915, 1.086985, 1.086935,
1, 20200417  00:35:00, 1.086945, 1.086845, 1.086935, 1.086845,
1, 20200417  00:36:00, 1.086885, 1.086745, 1.086845, 1.086745,
1, 20200417  00:37:00, 1.08675, 1.08668, 1.086745, 1.086715,
1, 20200417  00:38:00, 1.086815, 1.086675, 1.086715, 1.086805,
1, 20200417  00:39:00, 1.086825, 1.086755, 1.086805, 1.0868,
1, 20200417  00:40:00, 1.086835, 1.08679, 1.0868, 1.086825,
1, 20200417  00:41:00, 1.086975, 1.086825, 1.086825, 1.08695,
1, 20200417  00:42:00, 1.087005, 1.086945, 1.08695, 1.086965,
1, 20200417  00:43:00, 1.087035, 1.086945, 1.086965, 1.087035,
1, 20200417  00:44:00, 1.087035, 1.08694, 1.087035, 1.086975,
1, 20200417  00:45:00, 1.086995, 1.08695, 1.086975, 1.086985,
1, 20200417  00:46:00, 1.08706, 1.08697, 1.086985, 1.087035,
1, 20200417  00:47:00, 1.087135, 1.087035, 1.087035, 1.087105,
1, 20200417  00:48:00, 1.087235, 1.08709, 1.087105, 1.087205,
1, 20200417  00:49:00, 1.087205, 1.08704, 1.087205, 1.08704,
1, 20200417  00:50:00, 1.087125, 1.087035, 1.08704, 1.087085,
1, 20200417  00:51:00, 1.08721, 1.087065, 1.087085, 1.087115,
1, 20200417  00:52:00, 1.08712, 1.086895, 1.087115, 1.086975,
1, 20200417  00:53:00, 1.087, 1.08694, 1.086975, 1.08695,
1, 20200417  00:54:00, 1.08695, 1.086775, 1.08695, 1.086795,
1, 20200417  00:55:00, 1.086805, 1.086675, 1.086795, 1.08672,
1, 20200417  00:56:00, 1.08673, 1.086545, 1.08672, 1.086565,
1, 20200417  00:57:00, 1.086655, 1.086515, 1.086565, 1.086655,
1, 20200417  00:58:00, 1.08669, 1.08653, 1.086655, 1.08653,
1, 20200417  00:59:00, 1.08662, 1.086465, 1.08653, 1.08658,
1, 20200417  01:00:00, 1.08659, 1.086405, 1.08658, 1.08642,
1, 20200417  01:01:00, 1.08668, 1.086395, 1.08642, 1.08664,
1, 20200417  01:02:00, 1.08666, 1.086385, 1.08664, 1.08639,
1, 20200417  01:03:00, 1.086555, 1.086385, 1.08639, 1.086435,
1, 20200417  01:04:00, 1.08653, 1.086305, 1.086435, 1.08642,
1, 20200417  01:05:00, 1.08642, 1.086315, 1.08642, 1.086395,
1, 20200417  01:06:00, 1.086395, 1.085925, 1.086395, 1.086005,
1, 20200417  01:07:00, 1.086045, 1.085525, 1.086005, 1.08556,
1, 20200417  01:08:00, 1.085725, 1.08532, 1.08556, 1.08538,
1, 20200417  01:09:00, 1.0857, 1.08529, 1.08538, 1.085515,
1, 20200417  01:10:00, 1.085795, 1.08541, 1.085515, 1.085745,
1, 20200417  01:11:00, 1.085775, 1.08568, 1.085745, 1.085725,
1, 20200417  01:12:00, 1.08573, 1.08557, 1.085725, 1.085615,
1, 20200417  01:13:00, 1.08563, 1.085485, 1.085615, 1.085575,
1, 20200417  01:14:00, 1.085705, 1.085445, 1.085575, 1.08548,
1, 20200417  01:15:00, 1.08548, 1.084855, 1.08548, 1.085075,
1, 20200417  01:16:00, 1.08528, 1.085015, 1.085075, 1.085255,
1, 20200417  01:17:00, 1.085455, 1.085215, 1.085255, 1.0854,
1, 20200417  01:18:00, 1.085425, 1.085065, 1.0854, 1.085105,
1, 20200417  01:19:00, 1.085185, 1.08499, 1.085105, 1.08512,
1, 20200417  01:20:00, 1.085175, 1.084795, 1.08512, 1.08488,
1, 20200417  01:21:00, 1.084915, 1.08455, 1.08488, 1.08475,
1, 20200417  01:22:00, 1.08481, 1.08467, 1.08475, 1.08476,
1, 20200417  01:23:00, 1.08501, 1.08476, 1.08476, 1.08497,
1, 20200417  01:24:00, 1.085045, 1.084915, 1.08497, 1.08501,
1, 20200417  01:25:00, 1.085045, 1.08491, 1.08501, 1.08498,
1, 20200417  01:26:00, 1.08502, 1.084895, 1.08498, 1.08498,
1, 20200417  01:27:00, 1.08501, 1.08488, 1.08498, 1.08492,
1, 20200417  01:28:00, 1.085025, 1.084775, 1.08492, 1.084785,
1, 20200417  01:29:00, 1.085025, 1.084695, 1.084785, 1.084985,
1, 20200417  01:30:00, 1.08502, 1.084685, 1.084985, 1.084735,
1, 20200417  01:31:00, 1.084745, 1.08454, 1.084735, 1.084735,
1, 20200417  01:32:00, 1.085035, 1.084735, 1.084735, 1.084925,
1, 20200417  01:33:00, 1.084985, 1.084795, 1.084925, 1.084825,
1, 20200417  01:34:00, 1.08493, 1.084665, 1.084825, 1.084765,
1, 20200417  01:35:00, 1.084895, 1.08473, 1.084765, 1.08486,
1, 20200417  01:36:00, 1.08505, 1.08486, 1.08486, 1.08499,
1, 20200417  01:37:00, 1.08515, 1.08499, 1.08499, 1.08511,
1, 20200417  01:38:00, 1.085285, 1.085025, 1.08511, 1.085285,
1, 20200417  01:39:00, 1.085365, 1.08514, 1.085285, 1.08525,
1, 20200417  01:40:00, 1.08539, 1.085245, 1.08525, 1.085305,
1, 20200417  01:41:00, 1.08545, 1.085295, 1.085305, 1.08541,
1, 20200417  01:42:00, 1.085645, 1.08541, 1.08541, 1.0856,
1, 20200417  01:43:00, 1.085615, 1.085385, 1.0856, 1.085405,
1, 20200417  01:44:00, 1.08565, 1.085405, 1.085405, 1.08561,
1, 20200417  01:45:00, 1.08563, 1.08546, 1.08561, 1.085475,
1, 20200417  01:46:00, 1.085505, 1.0852, 1.085475, 1.085285,
1, 20200417  01:47:00, 1.085295, 1.084955, 1.085285, 1.0851,
1, 20200417  01:48:00, 1.085295, 1.084965, 1.0851, 1.084985,
1, 20200417  01:49:00, 1.08511, 1.084885, 1.084985, 1.08511,
1, 20200417  01:50:00, 1.085175, 1.08507, 1.08511, 1.085095,
1, 20200417  01:51:00, 1.08516, 1.08492, 1.085095, 1.085065,
1, 20200417  01:52:00, 1.085195, 1.085015, 1.085065, 1.08519,
1, 20200417  01:53:00, 1.085345, 1.085185, 1.08519, 1.085345,
1, 20200417  01:54:00, 1.085645, 1.085295, 1.085345, 1.08533,
1, 20200417  01:55:00, 1.085485, 1.085275, 1.08533, 1.08543,
1, 20200417  01:56:00, 1.085515, 1.085275, 1.08543, 1.08537,
1, 20200417  01:57:00, 1.08558, 1.08537, 1.08537, 1.08543,
1, 20200417  01:58:00, 1.085625, 1.085425, 1.08543, 1.08545,
1, 20200417  01:59:00, 1.085455, 1.085225, 1.08545, 1.08541,
1, 20200417  02:00:00, 1.08567, 1.085375, 1.08541, 1.08563,
1, 20200417  02:01:00, 1.085935, 1.08563, 1.08563, 1.085875,
1, 20200417  02:02:00, 1.085885, 1.085305, 1.085875, 1.085305,
1, 20200417  02:03:00, 1.085505, 1.085175, 1.085305, 1.08537,
1, 20200417  02:04:00, 1.085385, 1.08502, 1.08537, 1.0851,
1, 20200417  02:05:00, 1.08511, 1.084735, 1.0851, 1.084775,
1, 20200417  02:06:00, 1.0848, 1.0844, 1.084775, 1.084405,
1, 20200417  02:07:00, 1.084575, 1.084375, 1.084405, 1.084575,
1, 20200417  02:08:00, 1.084735, 1.084505, 1.084575, 1.084575,
1, 20200417  02:09:00, 1.084805, 1.084395, 1.084575, 1.0844,
1, 20200417  02:10:00, 1.0844, 1.08411, 1.0844, 1.08411,
1, 20200417  02:11:00, 1.084115, 1.083925, 1.08411, 1.08396,
1, 20200417  02:12:00, 1.083985, 1.083525, 1.08396, 1.08353,
1, 20200417  02:13:00, 1.08361, 1.083405, 1.08353, 1.083465,
1, 20200417  02:14:00, 1.08359, 1.08346, 1.083465, 1.08352,
1, 20200417  02:15:00, 1.083525, 1.08326, 1.08352, 1.083405,
1, 20200417  02:16:00, 1.08382, 1.08333, 1.083405, 1.08378,
1, 20200417  02:17:00, 1.083885, 1.083315, 1.08378, 1.083575,
1, 20200417  02:18:00, 1.08387, 1.08352, 1.083575, 1.083735,
1, 20200417  02:19:00, 1.083845, 1.083585, 1.083735, 1.083785,
1, 20200417  02:20:00, 1.08388, 1.08353, 1.083785, 1.08356,
1, 20200417  02:21:00, 1.083695, 1.083435, 1.08356, 1.08359,
1, 20200417  02:22:00, 1.083835, 1.08358, 1.08359, 1.083835,
1, 20200417  02:23:00, 1.08387, 1.083625, 1.083835, 1.083775,
1, 20200417  02:24:00, 1.08388, 1.08373, 1.083775, 1.083785,
1, 20200417  02:25:00, 1.083825, 1.08361, 1.083785, 1.08363,
1, 20200417  02:26:00, 1.083635, 1.08344, 1.08363, 1.08348,
1, 20200417  02:27:00, 1.08384, 1.08346, 1.08348, 1.083825,
1, 20200417  02:28:00, 1.08387, 1.083475, 1.083825, 1.083475,
1, 20200417  02:29:00, 1.0837, 1.083345, 1.083475, 1.083685,
1, 20200417  02:30:00, 1.083855, 1.083655, 1.083685, 1.08368,
1, 20200417  02:31:00, 1.08369, 1.083405, 1.08368, 1.083405,
1, 20200417  02:32:00, 1.083595, 1.083385, 1.083405, 1.08359,
1, 20200417  02:33:00, 1.08359, 1.083345, 1.08359, 1.083495,
1, 20200417  02:34:00, 1.083625, 1.08339, 1.083495, 1.083395,
1, 20200417  02:35:00, 1.083545, 1.083235, 1.083395, 1.0833,
1, 20200417  02:36:00, 1.0833, 1.082655, 1.0833, 1.08319,
1, 20200417  02:37:00, 1.083385, 1.083175, 1.08319, 1.083295,
1, 20200417  02:38:00, 1.083405, 1.083235, 1.083295, 1.08324,
1, 20200417  02:39:00, 1.083405, 1.082775, 1.08324, 1.082825,
1, 20200417  02:40:00, 1.082825, 1.082295, 1.082825, 1.082295,
1, 20200417  02:41:00, 1.08279, 1.082165, 1.082295, 1.08278,
1, 20200417  02:42:00, 1.082935, 1.08264, 1.08278, 1.082735,
1, 20200417  02:43:00, 1.082735, 1.082295, 1.082735, 1.08232,
1, 20200417  02:44:00, 1.08252, 1.08229, 1.08232, 1.08248,
1, 20200417  02:45:00, 1.082525, 1.082205, 1.08248, 1.082265,
1, 20200417  02:46:00, 1.08236, 1.082205, 1.082265, 1.082255,
1, 20200417  02:47:00, 1.082275, 1.082005, 1.082255, 1.082235,
1, 20200417  02:48:00, 1.082645, 1.082225, 1.082235, 1.082625,
1, 20200417  02:49:00, 1.082775, 1.082585, 1.082625, 1.08264,
1, 20200417  02:50:00, 1.082835, 1.08264, 1.08264, 1.08282,
1, 20200417  02:51:00, 1.083045, 1.082785, 1.08282, 1.083005,
1, 20200417  02:52:00, 1.083115, 1.082865, 1.083005, 1.08305,
1, 20200417  02:53:00, 1.08311, 1.082725, 1.08305, 1.08288,
1, 20200417  02:54:00, 1.08297, 1.08268, 1.08288, 1.082825,
1, 20200417  02:55:00, 1.08286, 1.082515, 1.082825, 1.082815,
1, 20200417  02:56:00, 1.083395, 1.082755, 1.082815, 1.083365,
1, 20200417  02:57:00, 1.08346, 1.083225, 1.083365, 1.083425,
1, 20200417  02:58:00, 1.083435, 1.08308, 1.083425, 1.083085,
1, 20200417  02:59:00, 1.083185, 1.08287, 1.083085, 1.08288,
1, 20200417  03:00:00, 1.082925, 1.082445, 1.08288, 1.082595,
1, 20200417  03:01:00, 1.082595, 1.08238, 1.082595, 1.08243,
1, 20200417  03:02:00, 1.08256, 1.082325, 1.08243, 1.082545,
1, 20200417  03:03:00, 1.082555, 1.082375, 1.082545, 1.08251,
1, 20200417  03:04:00, 1.082525, 1.082275, 1.08251, 1.082275,
1, 20200417  03:05:00, 1.08243, 1.082235, 1.082275, 1.08241,
1, 20200417  03:06:00, 1.08258, 1.08241, 1.08241, 1.08256,
1, 20200417  03:07:00, 1.08274, 1.082515, 1.08256, 1.082525,
1, 20200417  03:08:00, 1.082815, 1.08247, 1.082525, 1.08247,
1, 20200417  03:09:00, 1.08267, 1.082465, 1.08247, 1.082665,
1, 20200417  03:10:00, 1.08285, 1.082615, 1.082665, 1.08285,
1, 20200417  03:11:00, 1.08285, 1.082455, 1.08285, 1.08259,
1, 20200417  03:12:00, 1.082615, 1.082245, 1.08259, 1.082375,
1, 20200417  03:13:00, 1.08247, 1.0823, 1.082375, 1.08235,
1, 20200417  03:14:00, 1.082515, 1.08235, 1.08235, 1.082485,
1, 20200417  03:15:00, 1.082485, 1.081765, 1.082485, 1.081785,
1, 20200417  03:16:00, 1.082115, 1.081755, 1.081785, 1.082115,
1, 20200417  03:17:00, 1.08225, 1.082065, 1.082115, 1.082065,
1, 20200417  03:18:00, 1.082075, 1.081735, 1.082065, 1.082055,
1, 20200417  03:19:00, 1.082575, 1.08203, 1.082055, 1.08252,
1, 20200417  03:20:00, 1.082795, 1.08238, 1.08252, 1.08279,
1, 20200417  03:21:00, 1.082795, 1.082455, 1.08279, 1.082545,
1, 20200417  03:22:00, 1.0826, 1.082385, 1.082545, 1.082445,
1, 20200417  03:23:00, 1.08265, 1.082405, 1.082445, 1.082535,
1, 20200417  03:24:00, 1.08258, 1.0823, 1.082535, 1.08235,
1, 20200417  03:25:00, 1.082515, 1.0822, 1.08235, 1.082285,
1, 20200417  03:26:00, 1.082445, 1.082285, 1.082285, 1.08236,
1, 20200417  03:27:00, 1.08244, 1.082185, 1.08236, 1.082335,
1, 20200417  03:28:00, 1.0827, 1.082335, 1.082335, 1.08261,
1, 20200417  03:29:00, 1.08278, 1.082395, 1.08261, 1.082755,
1, 20200417  03:30:00, 1.082765, 1.082615, 1.082755, 1.082625,
1, 20200417  03:31:00, 1.082935, 1.08247, 1.082625, 1.08286,
1, 20200417  03:32:00, 1.083135, 1.082815, 1.08286, 1.083005,
1, 20200417  03:33:00, 1.083035, 1.082885, 1.083005, 1.08299,
1, 20200417  03:34:00, 1.083055, 1.08282, 1.08299, 1.082945,
1, 20200417  03:35:00, 1.083055, 1.082815, 1.082945, 1.08293,
1, 20200417  03:36:00, 1.083135, 1.082915, 1.08293, 1.08304,
1, 20200417  03:37:00, 1.083175, 1.082975, 1.08304, 1.083035,
1, 20200417  03:38:00, 1.083255, 1.08303, 1.083035, 1.08319,
1, 20200417  03:39:00, 1.08319, 1.082995, 1.08319, 1.083105,
1, 20200417  03:40:00, 1.083155, 1.082995, 1.083105, 1.083135,
1, 20200417  03:41:00, 1.083175, 1.082995, 1.083135, 1.083125,
1, 20200417  03:42:00, 1.083465, 1.08312, 1.083125, 1.083305,
1, 20200417  03:43:00, 1.08344, 1.083285, 1.083305, 1.083435,
1, 20200417  03:44:00, 1.083675, 1.083435, 1.083435, 1.083655,
1, 20200417  03:45:00, 1.083665, 1.083425, 1.083655, 1.08348,
1, 20200417  03:46:00, 1.083495, 1.083225, 1.08348, 1.083225,
1, 20200417  03:47:00, 1.083295, 1.082855, 1.083225, 1.082855,
1, 20200417  03:48:00, 1.082985, 1.08265, 1.082855, 1.08295,
1, 20200417  03:49:00, 1.08303, 1.082745, 1.08295, 1.082795,
1, 20200417  03:50:00, 1.08294, 1.08277, 1.082795, 1.082795,
1, 20200417  03:51:00, 1.08308, 1.082755, 1.082795, 1.08305,
1, 20200417  03:52:00, 1.083125, 1.08273, 1.08305, 1.082755,
1, 20200417  03:53:00, 1.08291, 1.08269, 1.082755, 1.0827,
1, 20200417  03:54:00, 1.082805, 1.08263, 1.0827, 1.082795,
1, 20200417  03:55:00, 1.082855, 1.082515, 1.082795, 1.08255,
1, 20200417  03:56:00, 1.083055, 1.08255, 1.08255, 1.082995,
1, 20200417  03:57:00, 1.08306, 1.082815, 1.082995, 1.08306,
1, 20200417  03:58:00, 1.083095, 1.08288, 1.08306, 1.083,
1, 20200417  03:59:00, 1.083135, 1.08288, 1.083, 1.082915,
1, 20200417  04:00:00, 1.08308, 1.082825, 1.082915, 1.083015,
1, 20200417  04:01:00, 1.083015, 1.0828, 1.083015, 1.08282,
1, 20200417  04:02:00, 1.082995, 1.08282, 1.08282, 1.08285,
1, 20200417  04:03:00, 1.08285, 1.082595, 1.08285, 1.082745,
1, 20200417  04:04:00, 1.082935, 1.082645, 1.082745, 1.08267,
1, 20200417  04:05:00, 1.082735, 1.082505, 1.08267, 1.08256,
1, 20200417  04:06:00, 1.08269, 1.082495, 1.08256, 1.082495,
1, 20200417  04:07:00, 1.08256, 1.082405, 1.082495, 1.082415,
1, 20200417  04:08:00, 1.082535, 1.082265, 1.082415, 1.082295,
1, 20200417  04:09:00, 1.082295, 1.082015, 1.082295, 1.082055,
1, 20200417  04:10:00, 1.082385, 1.082055, 1.082055, 1.082315,
1, 20200417  04:11:00, 1.082335, 1.08217, 1.082315, 1.08221,
1, 20200417  04:12:00, 1.082265, 1.08216, 1.08221, 1.08216,
1, 20200417  04:13:00, 1.082255, 1.082115, 1.08216, 1.082245,
1, 20200417  04:14:00, 1.08256, 1.082245, 1.082245, 1.08255,
1, 20200417  04:15:00, 1.082715, 1.08255, 1.08255, 1.08267,
1, 20200417  04:16:00, 1.08285, 1.08264, 1.08267, 1.082795,
1, 20200417  04:17:00, 1.082875, 1.082595, 1.082795, 1.082715,
1, 20200417  04:18:00, 1.082725, 1.082565, 1.082715, 1.0826,
1, 20200417  04:19:00, 1.08276, 1.082565, 1.0826, 1.082575,
1, 20200417  04:20:00, 1.082845, 1.082555, 1.082575, 1.082625,
1, 20200417  04:21:00, 1.082925, 1.082625, 1.082625, 1.0829,
1, 20200417  04:22:00, 1.0829, 1.08273, 1.0829, 1.08273,
1, 20200417  04:23:00, 1.082795, 1.082585, 1.08273, 1.082615,
1, 20200417  04:24:00, 1.082685, 1.082505, 1.082615, 1.08256,
1, 20200417  04:25:00, 1.082565, 1.082305, 1.08256, 1.082315,
1, 20200417  04:26:00, 1.082415, 1.082135, 1.082315, 1.08221,
1, 20200417  04:27:00, 1.082375, 1.08217, 1.08221, 1.082205,
1, 20200417  04:28:00, 1.082295, 1.08206, 1.082205, 1.08229,
1, 20200417  04:29:00, 1.082345, 1.082155, 1.08229, 1.08233,
1, 20200417  04:30:00, 1.082405, 1.082065, 1.08233, 1.08209,
1, 20200417  04:31:00, 1.082275, 1.082075, 1.08209, 1.082205,
1, 20200417  04:32:00, 1.082335, 1.082145, 1.082205, 1.0822,
1, 20200417  04:33:00, 1.082205, 1.082015, 1.0822, 1.08203,
1, 20200417  04:34:00, 1.08203, 1.081765, 1.08203, 1.081885,
1, 20200417  04:35:00, 1.08203, 1.081745, 1.081885, 1.08203,
1, 20200417  04:36:00, 1.0823, 1.082025, 1.08203, 1.082215,
1, 20200417  04:37:00, 1.082355, 1.082165, 1.082215, 1.08232,
1, 20200417  04:38:00, 1.082345, 1.082175, 1.08232, 1.082275,
1, 20200417  04:39:00, 1.082335, 1.082205, 1.082275, 1.08226,
1, 20200417  04:40:00, 1.082335, 1.08218, 1.08226, 1.082275,
1, 20200417  04:41:00, 1.082755, 1.082255, 1.082275, 1.082675,
1, 20200417  04:42:00, 1.08274, 1.08264, 1.082675, 1.08265,
1, 20200417  04:43:00, 1.08267, 1.082505, 1.08265, 1.082525,
1, 20200417  04:44:00, 1.08256, 1.08217, 1.082525, 1.08221,
1, 20200417  04:45:00, 1.08238, 1.082115, 1.08221, 1.08221,
1, 20200417  04:46:00, 1.082235, 1.082065, 1.08221, 1.082065,
1, 20200417  04:47:00, 1.08208, 1.081855, 1.082065, 1.081985,
1, 20200417  04:48:00, 1.081995, 1.08186, 1.081985, 1.08194,
1, 20200417  04:49:00, 1.082225, 1.081905, 1.08194, 1.082225,
1, 20200417  04:50:00, 1.082285, 1.082175, 1.082225, 1.082245,
1, 20200417  04:51:00, 1.08248, 1.08212, 1.082245, 1.082445,
1, 20200417  04:52:00, 1.082445, 1.082, 1.082445, 1.082125,
1, 20200417  04:53:00, 1.082225, 1.08211, 1.082125, 1.082115,
1, 20200417  04:54:00, 1.082335, 1.082115, 1.082115, 1.082245,
1, 20200417  04:55:00, 1.082335, 1.082145, 1.082245, 1.082335,
1, 20200417  04:56:00, 1.08242, 1.08177, 1.082335, 1.081905,
1, 20200417  04:57:00, 1.08208, 1.081865, 1.081905, 1.081885,
1, 20200417  04:58:00, 1.081895, 1.08154, 1.081885, 1.081615,
1, 20200417  04:59:00, 1.081985, 1.08153, 1.081615, 1.08197,
1, 20200417  05:00:00, 1.082125, 1.081635, 1.08197, 1.081635,
1, 20200417  05:01:00, 1.081935, 1.081605, 1.081635, 1.081715,
1, 20200417  05:02:00, 1.08182, 1.08141, 1.081715, 1.0817,
1, 20200417  05:03:00, 1.0817, 1.081465, 1.0817, 1.081475,
1, 20200417  05:04:00, 1.08148, 1.081355, 1.081475, 1.081455,
1, 20200417  05:05:00, 1.081665, 1.081435, 1.081455, 1.08146,
1, 20200417  05:06:00, 1.081595, 1.081405, 1.08146, 1.081405,
1, 20200417  05:07:00, 1.081455, 1.08121, 1.081405, 1.081265,
1, 20200417  05:08:00, 1.08161, 1.081265, 1.081265, 1.081575,
1, 20200417  05:09:00, 1.08181, 1.081575, 1.081575, 1.081775,
1, 20200417  05:10:00, 1.082245, 1.081775, 1.081775, 1.082235,
1, 20200417  05:11:00, 1.082255, 1.08207, 1.082235, 1.08217,
1, 20200417  05:12:00, 1.082175, 1.08186, 1.08217, 1.081915,
1, 20200417  05:13:00, 1.081995, 1.08188, 1.081915, 1.081895,
1, 20200417  05:14:00, 1.082005, 1.081695, 1.081895, 1.081815,
1, 20200417  05:15:00, 1.082065, 1.081725, 1.081815, 1.08206,
1, 20200417  05:16:00, 1.082175, 1.082055, 1.08206, 1.082125,
1, 20200417  05:17:00, 1.082295, 1.08207, 1.082125, 1.082295,
1, 20200417  05:18:00, 1.0823, 1.081945, 1.082295, 1.081995,
1, 20200417  05:19:00, 1.082235, 1.08194, 1.081995, 1.08209,
1, 20200417  05:20:00, 1.082485, 1.082065, 1.08209, 1.082485,
1, 20200417  05:21:00, 1.082505, 1.082245, 1.082485, 1.082265,
1, 20200417  05:22:00, 1.082275, 1.08195, 1.082265, 1.082055,
1, 20200417  05:23:00, 1.08212, 1.08195, 1.082055, 1.082025,
1, 20200417  05:24:00, 1.08212, 1.081905, 1.082025, 1.08211,
1, 20200417  05:25:00, 1.082335, 1.082035, 1.08211, 1.08224,
1, 20200417  05:26:00, 1.082405, 1.082105, 1.08224, 1.082155,
1, 20200417  05:27:00, 1.082385, 1.082065, 1.082155, 1.082355,
1, 20200417  05:28:00, 1.082485, 1.082325, 1.082355, 1.08247,
1, 20200417  05:29:00, 1.082565, 1.08223, 1.08247, 1.082335,
1, 20200417  05:30:00, 1.0824, 1.08221, 1.082335, 1.082215,
1, 20200417  05:31:00, 1.082305, 1.0821, 1.082215, 1.08211,
1, 20200417  05:32:00, 1.08229, 1.08211, 1.08211, 1.08226,
1, 20200417  05:33:00, 1.082385, 1.08221, 1.08226, 1.0823,
1, 20200417  05:34:00, 1.082415, 1.082255, 1.0823, 1.082395,
1, 20200417  05:35:00, 1.082475, 1.0822, 1.082395, 1.082295,
1, 20200417  05:36:00, 1.08274, 1.082295, 1.082295, 1.082685,
1, 20200417  05:37:00, 1.08274, 1.082505, 1.082685, 1.082725,
1, 20200417  05:38:00, 1.082795, 1.08258, 1.082725, 1.082735,
1, 20200417  05:39:00, 1.082795, 1.082595, 1.082735, 1.082795,
1, 20200417  05:40:00, 1.082845, 1.082645, 1.082795, 1.0827,
1, 20200417  05:41:00, 1.082735, 1.082575, 1.0827, 1.082595,
1, 20200417  05:42:00, 1.08269, 1.08253, 1.082595, 1.08254,
1, 20200417  05:43:00, 1.08274, 1.082425, 1.08254, 1.082705,
1, 20200417  05:44:00, 1.08273, 1.082545, 1.082705, 1.08261,
1, 20200417  05:45:00, 1.082855, 1.08256, 1.08261, 1.082855,
1, 20200417  05:46:00, 1.082915, 1.082675, 1.082855, 1.0829,
1, 20200417  05:47:00, 1.082925, 1.082775, 1.0829, 1.082855,
1, 20200417  05:48:00, 1.082905, 1.08273, 1.082855, 1.082885,
1, 20200417  05:49:00, 1.083075, 1.082845, 1.082885, 1.08305,
1, 20200417  05:50:00, 1.083125, 1.082915, 1.08305, 1.08293,
1, 20200417  05:51:00, 1.082935, 1.082735, 1.08293, 1.082845,
1, 20200417  05:52:00, 1.082995, 1.08282, 1.082845, 1.082995,
1, 20200417  05:53:00, 1.083095, 1.082945, 1.082995, 1.08302,
1, 20200417  05:54:00, 1.083045, 1.082865, 1.08302, 1.083015,
1, 20200417  05:55:00, 1.083045, 1.082895, 1.083015, 1.083045,
1, 20200417  05:56:00, 1.083525, 1.083035, 1.083045, 1.083435,
1, 20200417  05:57:00, 1.083575, 1.08321, 1.083435, 1.083525,
1, 20200417  05:58:00, 1.083695, 1.08352, 1.083525, 1.083525,
1, 20200417  05:59:00, 1.083645, 1.083465, 1.083525, 1.08361,
1, 20200417  06:00:00, 1.08367, 1.083435, 1.08361, 1.083635,
1, 20200417  06:01:00, 1.08403, 1.083615, 1.083635, 1.084025,
1, 20200417  06:02:00, 1.08405, 1.08371, 1.084025, 1.08378,
1, 20200417  06:03:00, 1.083975, 1.08365, 1.08378, 1.08372,
1, 20200417  06:04:00, 1.08393, 1.08371, 1.08372, 1.08381,
1, 20200417  06:05:00, 1.083875, 1.08372, 1.08381, 1.083875,
1, 20200417  06:06:00, 1.084015, 1.0837, 1.083875, 1.083975,
1, 20200417  06:07:00, 1.084285, 1.08378, 1.083975, 1.084285,
1, 20200417  06:08:00, 1.084475, 1.08416, 1.084285, 1.084175,
1, 20200417  06:09:00, 1.084345, 1.083995, 1.084175, 1.084335,
1, 20200417  06:10:00, 1.084425, 1.084185, 1.084335, 1.084295,
1, 20200417  06:11:00, 1.08432, 1.084175, 1.084295, 1.084175,
1, 20200417  06:12:00, 1.08454, 1.084165, 1.084175, 1.084505,
1, 20200417  06:13:00, 1.084835, 1.08441, 1.084505, 1.08482,
1, 20200417  06:14:00, 1.08488, 1.084665, 1.08482, 1.084715,
1, 20200417  06:15:00, 1.084755, 1.084575, 1.084715, 1.08458,
1, 20200417  06:16:00, 1.084645, 1.08418, 1.08458, 1.08418,
1, 20200417  06:17:00, 1.084365, 1.08414, 1.08418, 1.084185,
1, 20200417  06:18:00, 1.0844, 1.08408, 1.084185, 1.084395,
1, 20200417  06:19:00, 1.08442, 1.08433, 1.084395, 1.08435,
1, 20200417  06:20:00, 1.08449, 1.084285, 1.08435, 1.08432,
1, 20200417  06:21:00, 1.084335, 1.084185, 1.08432, 1.084185,
1, 20200417  06:22:00, 1.08423, 1.08406, 1.084185, 1.08419,
1, 20200417  06:23:00, 1.084255, 1.08407, 1.08419, 1.084245,
1, 20200417  06:24:00, 1.084445, 1.084245, 1.084245, 1.084305,
1, 20200417  06:25:00, 1.08449, 1.08429, 1.084305, 1.08445,
1, 20200417  06:26:00, 1.08445, 1.08425, 1.08445, 1.084295,
1, 20200417  06:27:00, 1.08462, 1.084285, 1.084295, 1.084615,
1, 20200417  06:28:00, 1.084655, 1.084445, 1.084615, 1.084505,
1, 20200417  06:29:00, 1.084555, 1.084455, 1.084505, 1.08449,
1, 20200417  06:30:00, 1.08449, 1.084055, 1.08449, 1.08409,
1, 20200417  06:31:00, 1.084245, 1.08398, 1.08409, 1.084135,
1, 20200417  06:32:00, 1.08419, 1.083925, 1.084135, 1.083955,
1, 20200417  06:33:00, 1.084065, 1.083775, 1.083955, 1.083815,
1, 20200417  06:34:00, 1.083825, 1.08367, 1.083815, 1.083815,
1, 20200417  06:35:00, 1.084015, 1.083795, 1.083815, 1.08398,
1, 20200417  06:36:00, 1.084055, 1.08381, 1.08398, 1.08381,
1, 20200417  06:37:00, 1.08391, 1.08368, 1.08381, 1.08378,
1, 20200417  06:38:00, 1.083785, 1.083635, 1.08378, 1.083635,
1, 20200417  06:39:00, 1.083685, 1.08352, 1.083635, 1.083585,
1, 20200417  06:40:00, 1.083785, 1.083585, 1.083585, 1.083755,
1, 20200417  06:41:00, 1.083845, 1.083625, 1.083755, 1.083815,
1, 20200417  06:42:00, 1.083845, 1.083525, 1.083815, 1.083565,
1, 20200417  06:43:00, 1.083585, 1.083405, 1.083565, 1.08341,
1, 20200417  06:44:00, 1.083625, 1.083405, 1.08341, 1.083625,
1, 20200417  06:45:00, 1.083785, 1.083625, 1.083625, 1.083665,
1, 20200417  06:46:00, 1.0837, 1.083415, 1.083665, 1.08343,
1, 20200417  06:47:00, 1.083545, 1.08341, 1.08343, 1.083525,
1, 20200417  06:48:00, 1.083585, 1.083435, 1.083525, 1.08352,
1, 20200417  06:49:00, 1.083685, 1.083505, 1.08352, 1.08355,
1, 20200417  06:50:00, 1.083595, 1.083475, 1.08355, 1.08355,
1, 20200417  06:51:00, 1.083715, 1.083545, 1.08355, 1.083695,
1, 20200417  06:52:00, 1.083785, 1.08367, 1.083695, 1.08378,
1, 20200417  06:53:00, 1.084055, 1.083775, 1.08378, 1.084025,
1, 20200417  06:54:00, 1.08413, 1.08389, 1.084025, 1.08409,
1, 20200417  06:55:00, 1.084385, 1.084025, 1.08409, 1.084255,
1, 20200417  06:56:00, 1.08458, 1.084225, 1.084255, 1.08454,
1, 20200417  06:57:00, 1.084785, 1.084495, 1.08454, 1.084785,
1, 20200417  06:58:00, 1.085055, 1.084695, 1.084785, 1.08493,
1, 20200417  06:59:00, 1.08501, 1.084755, 1.08493, 1.08484,
1, 20200417  07:00:00, 1.084985, 1.08472, 1.08484, 1.084875,
1, 20200417  07:01:00, 1.08506, 1.084865, 1.084875, 1.084995,
1, 20200417  07:02:00, 1.08523, 1.08489, 1.084995, 1.08495,
1, 20200417  07:03:00, 1.084985, 1.08464, 1.08495, 1.08466,
1, 20200417  07:04:00, 1.084685, 1.08455, 1.08466, 1.084685,
1, 20200417  07:05:00, 1.084685, 1.0844, 1.084685, 1.08446,
1, 20200417  07:06:00, 1.084665, 1.084455, 1.08446, 1.084565,
1, 20200417  07:07:00, 1.084895, 1.084565, 1.084565, 1.084825,
1, 20200417  07:08:00, 1.0849, 1.084755, 1.084825, 1.0849,
1, 20200417  07:09:00, 1.085385, 1.0849, 1.0849, 1.085385,
1, 20200417  07:10:00, 1.08546, 1.085215, 1.085385, 1.085215,
1, 20200417  07:11:00, 1.08536, 1.08519, 1.085215, 1.085345,
1, 20200417  07:12:00, 1.085385, 1.085185, 1.085345, 1.085325,
1, 20200417  07:13:00, 1.08641, 1.085325, 1.085325, 1.0862,
1, 20200417  07:14:00, 1.08626, 1.085915, 1.0862, 1.08603,
1, 20200417  07:15:00, 1.086595, 1.08603, 1.08603, 1.086515,
1, 20200417  07:16:00, 1.087025, 1.086465, 1.086515, 1.086595,
1, 20200417  07:17:00, 1.087215, 1.086595, 1.086595, 1.08716,
1, 20200417  07:18:00, 1.087165, 1.086755, 1.08716, 1.086945,
1, 20200417  07:19:00, 1.087175, 1.086795, 1.086945, 1.087105,
1, 20200417  07:20:00, 1.087365, 1.08677, 1.087105, 1.086805,
1, 20200417  07:21:00, 1.086975, 1.086595, 1.086805, 1.086695,
1, 20200417  07:22:00, 1.08681, 1.08654, 1.086695, 1.086615,
1, 20200417  07:23:00, 1.086795, 1.086455, 1.086615, 1.086765,
1, 20200417  07:24:00, 1.08698, 1.086575, 1.086765, 1.086955,
1, 20200417  07:25:00, 1.087135, 1.086845, 1.086955, 1.086955,
1, 20200417  07:26:00, 1.087005, 1.086535, 1.086955, 1.08654,
1, 20200417  07:27:00, 1.08665, 1.08645, 1.08654, 1.0865,
1, 20200417  07:28:00, 1.087005, 1.08647, 1.0865, 1.087,
1, 20200417  07:29:00, 1.087075, 1.086735, 1.087, 1.08706,
1, 20200417  07:30:00, 1.08706, 1.08662, 1.08706, 1.08669,
1, 20200417  07:31:00, 1.086705, 1.08644, 1.08669, 1.086555,
1, 20200417  07:32:00, 1.086555, 1.08624, 1.086555, 1.08624,
1, 20200417  07:33:00, 1.086445, 1.08616, 1.08624, 1.086285,
1, 20200417  07:34:00, 1.086445, 1.08615, 1.086285, 1.086295,
1, 20200417  07:35:00, 1.08645, 1.086225, 1.086295, 1.086225,
1, 20200417  07:36:00, 1.08639, 1.086195, 1.086225, 1.086375,
1, 20200417  07:37:00, 1.086375, 1.08619, 1.086375, 1.086295,
1, 20200417  07:38:00, 1.086295, 1.085855, 1.086295, 1.085865,
1, 20200417  07:39:00, 1.086185, 1.08586, 1.085865, 1.08618,
1, 20200417  07:40:00, 1.086445, 1.086155, 1.08618, 1.08638,
1, 20200417  07:41:00, 1.086805, 1.086345, 1.08638, 1.08679,
1, 20200417  07:42:00, 1.086805, 1.08644, 1.08679, 1.08644,
1, 20200417  07:43:00, 1.08651, 1.086245, 1.08644, 1.086375,
1, 20200417  07:44:00, 1.086405, 1.086115, 1.086375, 1.086405,
1, 20200417  07:45:00, 1.086475, 1.08622, 1.086405, 1.086335,
1, 20200417  07:46:00, 1.086425, 1.086055, 1.086335, 1.0861,
1, 20200417  07:47:00, 1.08648, 1.08598, 1.0861, 1.08645,
1, 20200417  07:48:00, 1.0866, 1.086335, 1.08645, 1.08649,
1, 20200417  07:49:00, 1.086745, 1.086455, 1.08649, 1.08674,
1, 20200417  07:50:00, 1.08698, 1.086675, 1.08674, 1.086695,
1, 20200417  07:51:00, 1.086745, 1.08659, 1.086695, 1.086695,
1, 20200417  07:52:00, 1.086935, 1.086675, 1.086695, 1.08689,
1, 20200417  07:53:00, 1.08699, 1.086785, 1.08689, 1.08695,
1, 20200417  07:54:00, 1.087145, 1.086805, 1.08695, 1.087005,
1, 20200417  07:55:00, 1.087135, 1.086795, 1.087005, 1.086835,
1, 20200417  07:56:00, 1.086875, 1.086475, 1.086835, 1.086595,
1, 20200417  07:57:00, 1.086715, 1.086385, 1.086595, 1.086385,
1, 20200417  07:58:00, 1.08668, 1.08638, 1.086385, 1.08664,
1, 20200417  07:59:00, 1.08665, 1.086415, 1.08664, 1.086445,
1, 20200417  08:00:00, 1.08657, 1.08637, 1.086445, 1.086545,
1, 20200417  08:01:00, 1.086635, 1.086205, 1.086545, 1.08635,
1, 20200417  08:02:00, 1.086375, 1.08619, 1.08635, 1.086275,
1, 20200417  08:03:00, 1.086565, 1.08624, 1.086275, 1.086555,
1, 20200417  08:04:00, 1.086765, 1.086455, 1.086555, 1.086755,
1, 20200417  08:05:00, 1.086955, 1.08669, 1.086755, 1.08669,
1, 20200417  08:06:00, 1.08673, 1.086505, 1.08669, 1.086585,
1, 20200417  08:07:00, 1.08668, 1.08639, 1.086585, 1.086555,
1, 20200417  08:08:00, 1.0866, 1.086185, 1.086555, 1.086195,
1, 20200417  08:09:00, 1.086295, 1.08605, 1.086195, 1.086065,
1, 20200417  08:10:00, 1.086335, 1.086065, 1.086065, 1.08633,
1, 20200417  08:11:00, 1.086525, 1.086255, 1.08633, 1.086425,
1, 20200417  08:12:00, 1.08659, 1.086305, 1.086425, 1.08651,
1, 20200417  08:13:00, 1.08668, 1.086455, 1.08651, 1.08656,
1, 20200417  08:14:00, 1.086635, 1.086465, 1.08656, 1.08659,
1, 20200417  08:15:00, 1.08659, 1.086285, 1.08659, 1.086445,
1, 20200417  08:16:00, 1.086505, 1.08624, 1.086445, 1.086325,
1, 20200417  08:17:00, 1.086645, 1.086285, 1.086325, 1.086595,
1, 20200417  08:18:00, 1.086725, 1.08648, 1.086595, 1.086685,
1, 20200417  08:19:00, 1.086835, 1.086555, 1.086685, 1.086625,
1, 20200417  08:20:00, 1.08683, 1.086595, 1.086625, 1.086825,
1, 20200417  08:21:00, 1.086945, 1.08668, 1.086825, 1.086885,
1, 20200417  08:22:00, 1.087305, 1.086885, 1.086885, 1.087225,
1, 20200417  08:23:00, 1.087335, 1.087095, 1.087225, 1.087225,
1, 20200417  08:24:00, 1.08738, 1.08718, 1.087225, 1.08738,
1, 20200417  08:25:00, 1.087545, 1.087335, 1.08738, 1.087485,
1, 20200417  08:26:00, 1.088015, 1.08748, 1.087485, 1.087985,
1, 20200417  08:27:00, 1.088, 1.08761, 1.087985, 1.08761,
1, 20200417  08:28:00, 1.08761, 1.08738, 1.08761, 1.087425,
1, 20200417  08:29:00, 1.087685, 1.087325, 1.087425, 1.087365,
1, 20200417  08:30:00, 1.08765, 1.087345, 1.087365, 1.087405,
1, 20200417  08:31:00, 1.087565, 1.087265, 1.087405, 1.087275,
1, 20200417  08:32:00, 1.08739, 1.08706, 1.087275, 1.087075,
1, 20200417  08:33:00, 1.087195, 1.086975, 1.087075, 1.087085,
1, 20200417  08:34:00, 1.087175, 1.086995, 1.087085, 1.08703,
1, 20200417  08:35:00, 1.08728, 1.08697, 1.08703, 1.08723,
1, 20200417  08:36:00, 1.08723, 1.08674, 1.08723, 1.086945,
1, 20200417  08:37:00, 1.086945, 1.086625, 1.086945, 1.086725,
1, 20200417  08:38:00, 1.086735, 1.086375, 1.086725, 1.086435,
1, 20200417  08:39:00, 1.086685, 1.08643, 1.086435, 1.086575,
1, 20200417  08:40:00, 1.086715, 1.086485, 1.086575, 1.086485,
1, 20200417  08:41:00, 1.086485, 1.086265, 1.086485, 1.08633,
1, 20200417  08:42:00, 1.086435, 1.086135, 1.08633, 1.086155,
1, 20200417  08:43:00, 1.08624, 1.086025, 1.086155, 1.08618,
1, 20200417  08:44:00, 1.086515, 1.08616, 1.08618, 1.086475,
1, 20200417  08:45:00, 1.08709, 1.086475, 1.086475, 1.086975,
1, 20200417  08:46:00, 1.087525, 1.08692, 1.086975, 1.087525,
1, 20200417  08:47:00, 1.08774, 1.087405, 1.087525, 1.087655,
1, 20200417  08:48:00, 1.08769, 1.08735, 1.087655, 1.087585,
1, 20200417  08:49:00, 1.087845, 1.087515, 1.087585, 1.087735,
1, 20200417  08:50:00, 1.08842, 1.087655, 1.087735, 1.08818,
1, 20200417  08:51:00, 1.08864, 1.08803, 1.08818, 1.088615,
1, 20200417  08:52:00, 1.08888, 1.088305, 1.088615, 1.088495,
1, 20200417  08:53:00, 1.088515, 1.08829, 1.088495, 1.088295,
1, 20200417  08:54:00, 1.088435, 1.088075, 1.088295, 1.08826,
1, 20200417  08:55:00, 1.088705, 1.088215, 1.08826, 1.08824,
1, 20200417  08:56:00, 1.088395, 1.088075, 1.08824, 1.08836,
1, 20200417  08:57:00, 1.088805, 1.08835, 1.08836, 1.088605,
1, 20200417  08:58:00, 1.08882, 1.088515, 1.088605, 1.08868,
1, 20200417  08:59:00, 1.088755, 1.08836, 1.08868, 1.088615,
1, 20200417  09:00:00, 1.08882, 1.088315, 1.088615, 1.08835,
1, 20200417  09:01:00, 1.08835, 1.08795, 1.08835, 1.087965,
1, 20200417  09:02:00, 1.08809, 1.087575, 1.087965, 1.087615,
1, 20200417  09:03:00, 1.087805, 1.087555, 1.087615, 1.087595,
1, 20200417  09:04:00, 1.088115, 1.087585, 1.087595, 1.088075,
1, 20200417  09:05:00, 1.08818, 1.088, 1.088075, 1.088175,
1, 20200417  09:06:00, 1.08821, 1.08764, 1.088175, 1.08767,
1, 20200417  09:07:00, 1.087865, 1.08757, 1.08767, 1.08777,
1, 20200417  09:08:00, 1.088235, 1.08777, 1.08777, 1.088235,
1, 20200417  09:09:00, 1.088235, 1.087805, 1.088235, 1.087855,
1, 20200417  09:10:00, 1.088025, 1.087825, 1.087855, 1.087845,
1, 20200417  09:11:00, 1.08793, 1.087705, 1.087845, 1.087785,
1, 20200417  09:12:00, 1.087805, 1.087585, 1.087785, 1.087615,
1, 20200417  09:13:00, 1.087825, 1.087565, 1.087615, 1.087775,
1, 20200417  09:14:00, 1.087775, 1.087425, 1.087775, 1.087545,
1, 20200417  09:15:00, 1.087565, 1.08743, 1.087545, 1.08743,
1, 20200417  09:16:00, 1.088005, 1.08738, 1.08743, 1.08797,
1, 20200417  09:17:00, 1.087975, 1.087645, 1.08797, 1.087715,
1, 20200417  09:18:00, 1.087895, 1.087625, 1.087715, 1.087735,
1, 20200417  09:19:00, 1.087915, 1.087725, 1.087735, 1.087875,
1, 20200417  09:20:00, 1.088035, 1.0878, 1.087875, 1.087945,
1, 20200417  09:21:00, 1.088385, 1.087885, 1.087945, 1.088305,
1, 20200417  09:22:00, 1.088575, 1.088225, 1.088305, 1.088245,
1, 20200417  09:23:00, 1.088375, 1.088205, 1.088245, 1.088335,
1, 20200417  09:24:00, 1.088365, 1.08803, 1.088335, 1.08809,
1, 20200417  09:25:00, 1.0883, 1.08809, 1.08809, 1.08818,
1, 20200417  09:26:00, 1.08818, 1.087955, 1.08818, 1.087965,
1, 20200417  09:27:00, 1.08798, 1.08774, 1.087965, 1.087845,
1, 20200417  09:28:00, 1.088125, 1.0878, 1.087845, 1.08802,
1, 20200417  09:29:00, 1.088435, 1.087935, 1.08802, 1.08835,
1, 20200417  09:30:00, 1.088525, 1.08835, 1.08835, 1.08852,
1, 20200417  09:31:00, 1.088525, 1.087975, 1.08852, 1.087985,
1, 20200417  09:32:00, 1.088095, 1.08762, 1.087985, 1.087745,
1, 20200417  09:33:00, 1.087795, 1.087365, 1.087745, 1.087765,
1, 20200417  09:34:00, 1.08782, 1.087645, 1.087765, 1.08765,
1, 20200417  09:35:00, 1.087725, 1.08742, 1.08765, 1.08757,
1, 20200417  09:36:00, 1.08764, 1.08738, 1.08757, 1.08764,
1, 20200417  09:37:00, 1.087825, 1.08738, 1.08764, 1.08741,
1, 20200417  09:38:00, 1.087495, 1.087155, 1.08741, 1.087255,
1, 20200417  09:39:00, 1.08763, 1.08724, 1.087255, 1.087625,
1, 20200417  09:40:00, 1.08802, 1.087545, 1.087625, 1.08795,
1, 20200417  09:41:00, 1.088345, 1.08792, 1.08795, 1.08823,
1, 20200417  09:42:00, 1.088325, 1.088055, 1.08823, 1.088055,
1, 20200417  09:43:00, 1.08817, 1.087645, 1.088055, 1.087735,
1, 20200417  09:44:00, 1.088105, 1.087635, 1.087735, 1.088075,
1, 20200417  09:45:00, 1.08855, 1.088075, 1.088075, 1.0882,
1, 20200417  09:46:00, 1.088325, 1.088005, 1.0882, 1.088105,
1, 20200417  09:47:00, 1.08822, 1.08771, 1.088105, 1.087725,
1, 20200417  09:48:00, 1.087745, 1.087405, 1.087725, 1.087525,
1, 20200417  09:49:00, 1.087575, 1.08726, 1.087525, 1.087555,
1, 20200417  09:50:00, 1.08835, 1.087485, 1.087555, 1.088345,
1, 20200417  09:51:00, 1.088545, 1.08813, 1.088345, 1.088145,
1, 20200417  09:52:00, 1.08835, 1.08783, 1.088145, 1.087935,
1, 20200417  09:53:00, 1.088465, 1.087905, 1.087935, 1.088415,
1, 20200417  09:54:00, 1.089265, 1.08837, 1.088415, 1.089105,
1, 20200417  09:55:00, 1.089275, 1.08858, 1.089105, 1.088825,
1, 20200417  09:56:00, 1.088825, 1.088475, 1.088825, 1.088675,
1, 20200417  09:57:00, 1.089185, 1.08839, 1.088675, 1.08903,
1, 20200417  09:58:00, 1.08903, 1.08874, 1.08903, 1.088945,
1, 20200417  09:59:00, 1.089145, 1.088915, 1.088945, 1.08896,
1, 20200417  10:00:00, 1.089035, 1.08883, 1.08896, 1.088875,
1, 20200417  10:01:00, 1.08888, 1.088365, 1.088875, 1.088465,
1, 20200417  10:02:00, 1.0887, 1.08842, 1.088465, 1.08853,
1, 20200417  10:03:00, 1.08866, 1.08843, 1.08853, 1.088505,
1, 20200417  10:04:00, 1.08852, 1.088205, 1.088505, 1.088265,
1, 20200417  10:05:00, 1.088525, 1.08821, 1.088265, 1.088455,
1, 20200417  10:06:00, 1.08861, 1.088385, 1.088455, 1.088505,
1, 20200417  10:07:00, 1.088545, 1.088215, 1.088505, 1.08843,
1, 20200417  10:08:00, 1.088515, 1.088215, 1.08843, 1.088255,
1, 20200417  10:09:00, 1.088525, 1.088225, 1.088255, 1.088445,
1, 20200417  10:10:00, 1.088445, 1.08826, 1.088445, 1.088295,
1, 20200417  10:11:00, 1.088555, 1.088085, 1.088295, 1.088105,
1, 20200417  10:12:00, 1.088115, 1.087705, 1.088105, 1.08778,
1, 20200417  10:13:00, 1.087925, 1.087695, 1.08778, 1.087895,
1, 20200417  10:14:00, 1.08809, 1.087795, 1.087895, 1.088055,
1, 20200417  10:15:00, 1.088305, 1.088005, 1.088055, 1.08806,
1, 20200417  10:16:00, 1.08809, 1.087875, 1.08806, 1.08795,
1, 20200417  10:17:00, 1.08802, 1.087545, 1.08795, 1.08774,
1, 20200417  10:18:00, 1.087925, 1.087565, 1.08774, 1.087885,
1, 20200417  10:19:00, 1.088235, 1.08783, 1.087885, 1.088235,
1, 20200417  10:20:00, 1.088425, 1.08809, 1.088235, 1.08838,
1, 20200417  10:21:00, 1.088495, 1.087935, 1.08838, 1.08798,
1, 20200417  10:22:00, 1.08827, 1.08797, 1.08798, 1.088085,
1, 20200417  10:23:00, 1.08825, 1.087965, 1.088085, 1.08801,
1, 20200417  10:24:00, 1.088095, 1.08796, 1.08801, 1.08798,
1, 20200417  10:25:00, 1.08812, 1.08792, 1.08798, 1.087965,
1, 20200417  10:26:00, 1.08812, 1.08777, 1.087965, 1.08784,
1, 20200417  10:27:00, 1.087975, 1.087725, 1.08784, 1.087745,
1, 20200417  10:28:00, 1.08781, 1.087625, 1.087745, 1.087755,
1, 20200417  10:29:00, 1.08803, 1.08773, 1.087755, 1.087935,
1, 20200417  10:30:00, 1.087945, 1.08773, 1.087935, 1.08777,
1, 20200417  10:31:00, 1.0878, 1.08757, 1.08777, 1.08777,
1, 20200417  10:32:00, 1.08785, 1.0876, 1.08777, 1.087745,
1, 20200417  10:33:00, 1.08803, 1.08771, 1.087745, 1.087905,
1, 20200417  10:34:00, 1.088025, 1.087885, 1.087905, 1.087955,
1, 20200417  10:35:00, 1.08839, 1.087955, 1.087955, 1.088385,
1, 20200417  10:36:00, 1.08844, 1.088235, 1.088385, 1.08844,
1, 20200417  10:37:00, 1.08844, 1.088275, 1.08844, 1.088275,
1, 20200417  10:38:00, 1.088275, 1.08804, 1.088275, 1.088145,
1, 20200417  10:39:00, 1.088155, 1.08782, 1.088145, 1.087855,
1, 20200417  10:40:00, 1.08797, 1.087855, 1.087855, 1.08794,
1, 20200417  10:41:00, 1.08807, 1.087885, 1.08794, 1.088,
1, 20200417  10:42:00, 1.088065, 1.087845, 1.088, 1.087925,
1, 20200417  10:43:00, 1.087975, 1.087575, 1.087925, 1.087585,
1, 20200417  10:44:00, 1.087635, 1.087455, 1.087585, 1.08751,
1, 20200417  10:45:00, 1.087535, 1.087375, 1.08751, 1.08748,
1, 20200417  10:46:00, 1.08804, 1.08747, 1.08748, 1.087995,
1, 20200417  10:47:00, 1.088045, 1.087895, 1.087995, 1.088035,
1, 20200417  10:48:00, 1.088305, 1.08798, 1.088035, 1.088295,
1, 20200417  10:49:00, 1.08844, 1.088235, 1.088295, 1.088405,
1, 20200417  10:50:00, 1.088405, 1.08818, 1.088405, 1.08821,
1, 20200417  10:51:00, 1.088385, 1.08821, 1.08821, 1.088385,
1, 20200417  10:52:00, 1.088435, 1.088315, 1.088385, 1.088325,
1, 20200417  10:53:00, 1.088495, 1.088235, 1.088325, 1.08847,
1, 20200417  10:54:00, 1.088475, 1.08821, 1.08847, 1.08823,
1, 20200417  10:55:00, 1.088445, 1.088195, 1.08823, 1.088405,
1, 20200417  10:56:00, 1.088405, 1.088175, 1.088405, 1.08835,
1, 20200417  10:57:00, 1.08844, 1.088265, 1.08835, 1.088355,
1, 20200417  10:58:00, 1.088365, 1.088105, 1.088355, 1.08829,
1, 20200417  10:59:00, 1.088385, 1.088225, 1.08829, 1.08831,
1, 20200417  11:00:00, 1.088395, 1.088225, 1.08831, 1.088385,
1, 20200417  11:01:00, 1.088425, 1.088315, 1.088385, 1.08835,
1, 20200417  11:02:00, 1.08842, 1.088215, 1.08835, 1.08832,
1, 20200417  11:03:00, 1.088415, 1.08824, 1.08832, 1.0883,
1, 20200417  11:04:00, 1.08841, 1.088185, 1.0883, 1.088275,
1, 20200417  11:05:00, 1.08832, 1.08821, 1.088275, 1.08829,
1, 20200417  11:06:00, 1.088315, 1.088215, 1.08829, 1.08827,
1, 20200417  11:07:00, 1.088325, 1.088225, 1.08827, 1.08827,
1, 20200417  11:08:00, 1.08842, 1.08827, 1.08827, 1.088375,
1, 20200417  11:09:00, 1.088375, 1.088125, 1.088375, 1.08817,
1, 20200417  11:10:00, 1.08817, 1.087915, 1.08817, 1.088005,
1, 20200417  11:11:00, 1.088055, 1.08788, 1.088005, 1.08797,
1, 20200417  11:12:00, 1.08798, 1.087785, 1.08797, 1.08794,
1, 20200417  11:13:00, 1.087985, 1.087915, 1.08794, 1.08794,
1, 20200417  11:14:00, 1.08797, 1.087855, 1.08794, 1.087855,
1, 20200417  11:15:00, 1.08786, 1.08774, 1.087855, 1.087825,
1, 20200417  11:16:00, 1.08796, 1.087825, 1.087825, 1.08785,
1, 20200417  11:17:00, 1.08785, 1.087615, 1.08785, 1.087645,
1, 20200417  11:18:00, 1.087705, 1.087525, 1.087645, 1.087665,
1, 20200417  11:19:00, 1.087735, 1.087625, 1.087665, 1.087675,
1, 20200417  11:20:00, 1.087705, 1.087455, 1.087675, 1.08747,
1, 20200417  11:21:00, 1.08747, 1.08724, 1.08747, 1.08728,
1, 20200417  11:22:00, 1.087415, 1.08728, 1.08728, 1.08735,
1, 20200417  11:23:00, 1.08753, 1.087335, 1.08735, 1.08747,
1, 20200417  11:24:00, 1.087475, 1.087225, 1.08747, 1.087225,
1, 20200417  11:25:00, 1.087275, 1.08685, 1.087225, 1.08691,
1, 20200417  11:26:00, 1.087095, 1.08691, 1.08691, 1.08695,
1, 20200417  11:27:00, 1.086995, 1.086845, 1.08695, 1.086855,
1, 20200417  11:28:00, 1.086855, 1.086595, 1.086855, 1.0866,
1, 20200417  11:29:00, 1.086755, 1.086505, 1.0866, 1.086645,
1, 20200417  11:30:00, 1.08673, 1.0863, 1.086645, 1.08633,
1, 20200417  11:31:00, 1.08648, 1.086205, 1.08633, 1.08626,
1, 20200417  11:32:00, 1.08636, 1.086155, 1.08626, 1.086335,
1, 20200417  11:33:00, 1.08635, 1.08608, 1.086335, 1.0861,
1, 20200417  11:34:00, 1.08619, 1.085985, 1.0861, 1.086005,
1, 20200417  11:35:00, 1.08637, 1.085945, 1.086005, 1.086355,
1, 20200417  11:36:00, 1.08663, 1.086345, 1.086355, 1.08663,
1, 20200417  11:37:00, 1.087065, 1.08662, 1.08663, 1.086955,
1, 20200417  11:38:00, 1.08703, 1.08694, 1.086955, 1.08697,
1, 20200417  11:39:00, 1.086995, 1.08676, 1.08697, 1.086945,
1, 20200417  11:40:00, 1.08695, 1.086575, 1.086945, 1.086595,
1, 20200417  11:41:00, 1.086635, 1.086515, 1.086595, 1.08655,
1, 20200417  11:42:00, 1.086625, 1.086505, 1.08655, 1.0866,
1, 20200417  11:43:00, 1.087055, 1.086585, 1.0866, 1.086945,
1, 20200417  11:44:00, 1.086945, 1.086735, 1.086945, 1.08677,
1, 20200417  11:45:00, 1.086805, 1.086605, 1.08677, 1.086605,
1, 20200417  11:46:00, 1.086605, 1.08636, 1.086605, 1.086435,
1, 20200417  11:47:00, 1.08653, 1.086355, 1.086435, 1.086515,
1, 20200417  11:48:00, 1.08695, 1.08643, 1.086515, 1.086945,
1, 20200417  11:49:00, 1.08709, 1.086875, 1.086945, 1.087075,
1, 20200417  11:50:00, 1.0871, 1.086855, 1.087075, 1.086875,
1, 20200417  11:51:00, 1.086875, 1.08671, 1.086875, 1.086795,
1, 20200417  11:52:00, 1.086825, 1.086595, 1.086795, 1.08669,
1, 20200417  11:53:00, 1.08712, 1.086675, 1.08669, 1.087025,
1, 20200417  11:54:00, 1.087025, 1.08677, 1.087025, 1.08679,
1, 20200417  11:55:00, 1.086815, 1.08666, 1.08679, 1.086785,
1, 20200417  11:56:00, 1.086785, 1.08648, 1.086785, 1.086645,
1, 20200417  11:57:00, 1.086845, 1.086625, 1.086645, 1.08668,
1, 20200417  11:58:00, 1.08669, 1.086535, 1.08668, 1.0866,
1, 20200417  11:59:00, 1.08694, 1.0866, 1.0866, 1.086735,
1, 20200417  12:00:00, 1.087075, 1.086695, 1.086735, 1.087055,
1, 20200417  12:01:00, 1.087125, 1.08677, 1.087055, 1.08679,
1, 20200417  12:02:00, 1.08686, 1.086725, 1.08679, 1.08684,
1, 20200417  12:03:00, 1.08702, 1.086745, 1.08684, 1.08701,
1, 20200417  12:04:00, 1.087155, 1.08695, 1.08701, 1.08712,
1, 20200417  12:05:00, 1.087165, 1.08703, 1.08712, 1.08703,
1, 20200417  12:06:00, 1.087165, 1.086975, 1.08703, 1.08716,
1, 20200417  12:07:00, 1.087175, 1.08697, 1.08716, 1.08707,
1, 20200417  12:08:00, 1.087235, 1.087, 1.08707, 1.087085,
1, 20200417  12:09:00, 1.08714, 1.08703, 1.087085, 1.08709,
1, 20200417  12:10:00, 1.087225, 1.086955, 1.08709, 1.08722,
1, 20200417  12:11:00, 1.08734, 1.08719, 1.08722, 1.087235,
1, 20200417  12:12:00, 1.08732, 1.087185, 1.087235, 1.087225,
1, 20200417  12:13:00, 1.08724, 1.086945, 1.087225, 1.08698,
1, 20200417  12:14:00, 1.08698, 1.086885, 1.08698, 1.086975,
1, 20200417  12:15:00, 1.087095, 1.08694, 1.086975, 1.087035,
1, 20200417  12:16:00, 1.087075, 1.086925, 1.087035, 1.08703,
1, 20200417  12:17:00, 1.08717, 1.08703, 1.08703, 1.087065,
1, 20200417  12:18:00, 1.087355, 1.086995, 1.087065, 1.08733,
1, 20200417  12:19:00, 1.087365, 1.08726, 1.08733, 1.08732,
1, 20200417  12:20:00, 1.08734, 1.08727, 1.08732, 1.08727,
1, 20200417  12:21:00, 1.08733, 1.087175, 1.08727, 1.08729,
1, 20200417  12:22:00, 1.08738, 1.08721, 1.08729, 1.087345,
1, 20200417  12:23:00, 1.087385, 1.08721, 1.087345, 1.087255,
1, 20200417  12:24:00, 1.087475, 1.087255, 1.087255, 1.08743,
1, 20200417  12:25:00, 1.08753, 1.087385, 1.08743, 1.08742,
1, 20200417  12:26:00, 1.08776, 1.08741, 1.08742, 1.087695,
1, 20200417  12:27:00, 1.08789, 1.08764, 1.087695, 1.087835,
1, 20200417  12:28:00, 1.08788, 1.08774, 1.087835, 1.08785,
1, 20200417  12:29:00, 1.08785, 1.087655, 1.08785, 1.08769,
1, 20200417  12:30:00, 1.087745, 1.087505, 1.08769, 1.08767,
1, 20200417  12:31:00, 1.08787, 1.08767, 1.08767, 1.08782,
1, 20200417  12:32:00, 1.08789, 1.087745, 1.08782, 1.087745,
1, 20200417  12:33:00, 1.08776, 1.087615, 1.087745, 1.087705,
1, 20200417  12:34:00, 1.08783, 1.0877, 1.087705, 1.087825,
1, 20200417  12:35:00, 1.087935, 1.087725, 1.087825, 1.087935,
1, 20200417  12:36:00, 1.088045, 1.087885, 1.087935, 1.08798,
1, 20200417  12:37:00, 1.08804, 1.087975, 1.08798, 1.088,
1, 20200417  12:38:00, 1.088035, 1.087965, 1.088, 1.08797,
1, 20200417  12:39:00, 1.088245, 1.08797, 1.08797, 1.088225,
1, 20200417  12:40:00, 1.088225, 1.08797, 1.088225, 1.088125,
1, 20200417  12:41:00, 1.08824, 1.08806, 1.088125, 1.088225,
1, 20200417  12:42:00, 1.08827, 1.088085, 1.088225, 1.088105,
1, 20200417  12:43:00, 1.088175, 1.08796, 1.088105, 1.088015,
1, 20200417  12:44:00, 1.088015, 1.08781, 1.088015, 1.087855,
1, 20200417  12:45:00, 1.08801, 1.0878, 1.087855, 1.08801,
1, 20200417  12:46:00, 1.08813, 1.08801, 1.08801, 1.08812,
1, 20200417  12:47:00, 1.08813, 1.088025, 1.08812, 1.088125,
1, 20200417  12:48:00, 1.08818, 1.088085, 1.088125, 1.088115,
1, 20200417  12:49:00, 1.08832, 1.088115, 1.088115, 1.088305,
1, 20200417  12:50:00, 1.088495, 1.08807, 1.088305, 1.08807,
1, 20200417  12:51:00, 1.08807, 1.087935, 1.08807, 1.088015,
1, 20200417  12:52:00, 1.088075, 1.08797, 1.088015, 1.08798,
1, 20200417  12:53:00, 1.088015, 1.087775, 1.08798, 1.08786,
1, 20200417  12:54:00, 1.08786, 1.08763, 1.08786, 1.08765,
1, 20200417  12:55:00, 1.087795, 1.087645, 1.08765, 1.0877,
1, 20200417  12:56:00, 1.087765, 1.08768, 1.0877, 1.08771,
1, 20200417  12:57:00, 1.087735, 1.087455, 1.08771, 1.08748,
1, 20200417  12:58:00, 1.087575, 1.087465, 1.08748, 1.087535,
1, 20200417  12:59:00, 1.087645, 1.087445, 1.087535, 1.08762,
1, 20200417  13:00:00, 1.087635, 1.087445, 1.08762, 1.087455,
1, 20200417  13:01:00, 1.087535, 1.087385, 1.087455, 1.087515,
1, 20200417  13:02:00, 1.087725, 1.087515, 1.087515, 1.087725,
1, 20200417  13:03:00, 1.087725, 1.087655, 1.087725, 1.08766,
1, 20200417  13:04:00, 1.087685, 1.08741, 1.08766, 1.08744,
1, 20200417  13:05:00, 1.08746, 1.087335, 1.08744, 1.08734,
1, 20200417  13:06:00, 1.087385, 1.087275, 1.08734, 1.087285,
1, 20200417  13:07:00, 1.087285, 1.087095, 1.087285, 1.08712,
1, 20200417  13:08:00, 1.08723, 1.08712, 1.08712, 1.087225,
1, 20200417  13:09:00, 1.087275, 1.087135, 1.087225, 1.087135,
1, 20200417  13:10:00, 1.087245, 1.087105, 1.087135, 1.0872,
1, 20200417  13:11:00, 1.08733, 1.087155, 1.0872, 1.08721,
1, 20200417  13:12:00, 1.08733, 1.087205, 1.08721, 1.08733,
1, 20200417  13:13:00, 1.08735, 1.08698, 1.08733, 1.08702,
1, 20200417  13:14:00, 1.087025, 1.086685, 1.08702, 1.086695,
1, 20200417  13:15:00, 1.08678, 1.086605, 1.086695, 1.08674,
1, 20200417  13:16:00, 1.08703, 1.08674, 1.08674, 1.0869,
1, 20200417  13:17:00, 1.087185, 1.08689, 1.0869, 1.087105,
1, 20200417  13:18:00, 1.08718, 1.087035, 1.087105, 1.08707,
1, 20200417  13:19:00, 1.08723, 1.087045, 1.08707, 1.087065,
1, 20200417  13:20:00, 1.087065, 1.08686, 1.087065, 1.086885,
1, 20200417  13:21:00, 1.08694, 1.086845, 1.086885, 1.086865,
1, 20200417  13:22:00, 1.086925, 1.08677, 1.086865, 1.086905,
1, 20200417  13:23:00, 1.08704, 1.086845, 1.086905, 1.08694,
1, 20200417  13:24:00, 1.08711, 1.08691, 1.08694, 1.08711,
1, 20200417  13:25:00, 1.08716, 1.087045, 1.08711, 1.087085,
1, 20200417  13:26:00, 1.08727, 1.08707, 1.087085, 1.08719,
1, 20200417  13:27:00, 1.08719, 1.08681, 1.08719, 1.08684,
1, 20200417  13:28:00, 1.086985, 1.086825, 1.08684, 1.086985,
1, 20200417  13:29:00, 1.087045, 1.086985, 1.086985, 1.08702,
1, 20200417  13:30:00, 1.08718, 1.086975, 1.08702, 1.087005,
1, 20200417  13:31:00, 1.087005, 1.086895, 1.087005, 1.08694,
1, 20200417  13:32:00, 1.087135, 1.08694, 1.08694, 1.087085,
1, 20200417  13:33:00, 1.08722, 1.087075, 1.087085, 1.087125,
1, 20200417  13:34:00, 1.08719, 1.087095, 1.087125, 1.087105,
1, 20200417  13:35:00, 1.087345, 1.087095, 1.087105, 1.0873,
1, 20200417  13:36:00, 1.087345, 1.087215, 1.0873, 1.087255,
1, 20200417  13:37:00, 1.087295, 1.087225, 1.087255, 1.087225,
1, 20200417  13:38:00, 1.08724, 1.087075, 1.087225, 1.08719,
1, 20200417  13:39:00, 1.08725, 1.08714, 1.08719, 1.08724,
1, 20200417  13:40:00, 1.087345, 1.087185, 1.08724, 1.08721,
1, 20200417  13:41:00, 1.08725, 1.08707, 1.08721, 1.087145,
1, 20200417  13:42:00, 1.08715, 1.086995, 1.087145, 1.08701,
1, 20200417  13:43:00, 1.08712, 1.08686, 1.08701, 1.08688,
1, 20200417  13:44:00, 1.086945, 1.08677, 1.08688, 1.08678,
1, 20200417  13:45:00, 1.086855, 1.086765, 1.08678, 1.08685,
1, 20200417  13:46:00, 1.087095, 1.086775, 1.08685, 1.087055,
1, 20200417  13:47:00, 1.087195, 1.08698, 1.087055, 1.087185,
1, 20200417  13:48:00, 1.087225, 1.087095, 1.087185, 1.087105,
1, 20200417  13:49:00, 1.087325, 1.087035, 1.087105, 1.087205,
1, 20200417  13:50:00, 1.08725, 1.087095, 1.087205, 1.0871,
1, 20200417  13:51:00, 1.087245, 1.0871, 1.0871, 1.08724,
1, 20200417  13:52:00, 1.08724, 1.086995, 1.08724, 1.08702,
1, 20200417  13:53:00, 1.087285, 1.08697, 1.08702, 1.087265,
1, 20200417  13:54:00, 1.08733, 1.087175, 1.087265, 1.0872,
1, 20200417  13:55:00, 1.08734, 1.087175, 1.0872, 1.087225,
1, 20200417  13:56:00, 1.087355, 1.087185, 1.087225, 1.087205,
1, 20200417  13:57:00, 1.08727, 1.087065, 1.087205, 1.08707,
1, 20200417  13:58:00, 1.08709, 1.08694, 1.08707, 1.086965,
1, 20200417  13:59:00, 1.08705, 1.086765, 1.086965, 1.08685,
1, 20200417  14:00:00, 1.08685, 1.086605, 1.08685, 1.08673,
1, 20200417  14:01:00, 1.087215, 1.08672, 1.08673, 1.087215,
1, 20200417  14:02:00, 1.087215, 1.086985, 1.087215, 1.086995,
1, 20200417  14:03:00, 1.087005, 1.086775, 1.086995, 1.08679,
1, 20200417  14:04:00, 1.086805, 1.086675, 1.08679, 1.086755,
1, 20200417  14:05:00, 1.086795, 1.08669, 1.086755, 1.08673,
1, 20200417  14:06:00, 1.0868, 1.086615, 1.08673, 1.08671,
1, 20200417  14:07:00, 1.086865, 1.086645, 1.08671, 1.086765,
1, 20200417  14:08:00, 1.086765, 1.086625, 1.086765, 1.086765,
1, 20200417  14:09:00, 1.086785, 1.086585, 1.086765, 1.086595,
1, 20200417  14:10:00, 1.08661, 1.08643, 1.086595, 1.08658,
1, 20200417  14:11:00, 1.086765, 1.08658, 1.08658, 1.086765,
1, 20200417  14:12:00, 1.086805, 1.086705, 1.086765, 1.086715,
1, 20200417  14:13:00, 1.086735, 1.086675, 1.086715, 1.0867,
1, 20200417  14:14:00, 1.0867, 1.08651, 1.0867, 1.086665,
1, 20200417  14:15:00, 1.086695, 1.08659, 1.086665, 1.086645,
1, 20200417  14:16:00, 1.086695, 1.08663, 1.086645, 1.08668,
1, 20200417  14:17:00, 1.08671, 1.086595, 1.08668, 1.086635,
1, 20200417  14:18:00, 1.086675, 1.08659, 1.086635, 1.086595,
1, 20200417  14:19:00, 1.08668, 1.08659, 1.086595, 1.086665,
1, 20200417  14:20:00, 1.086665, 1.08654, 1.086665, 1.086595,
1, 20200417  14:21:00, 1.086655, 1.086575, 1.086595, 1.0866,
1, 20200417  14:22:00, 1.086715, 1.08655, 1.0866, 1.086715,
1, 20200417  14:23:00, 1.08674, 1.08663, 1.086715, 1.08663,
1, 20200417  14:24:00, 1.08676, 1.086625, 1.08663, 1.08674,
1, 20200417  14:25:00, 1.086775, 1.086685, 1.08674, 1.086725,
1, 20200417  14:26:00, 1.086785, 1.086715, 1.086725, 1.086785,
1, 20200417  14:27:00, 1.086845, 1.086775, 1.086785, 1.086845,
1, 20200417  14:28:00, 1.086875, 1.08675, 1.086845, 1.086785,
1, 20200417  14:29:00, 1.086855, 1.08678, 1.086785, 1.086805,
1, 20200417  14:30:00, 1.086885, 1.08677, 1.086805, 1.086865,
1, 20200417  14:31:00, 1.08715, 1.086825, 1.086865, 1.087115,
1, 20200417  14:32:00, 1.087125, 1.08695, 1.087115, 1.08707,
1, 20200417  14:33:00, 1.087125, 1.08699, 1.08707, 1.08709,
1, 20200417  14:34:00, 1.087125, 1.086895, 1.08709, 1.086925,
1, 20200417  14:35:00, 1.08695, 1.086865, 1.086925, 1.08689,
1, 20200417  14:36:00, 1.08689, 1.08682, 1.08689, 1.08683,
1, 20200417  14:37:00, 1.086835, 1.08659, 1.08683, 1.086635,
1, 20200417  14:38:00, 1.08681, 1.086625, 1.086635, 1.08681,
1, 20200417  14:39:00, 1.08681, 1.08665, 1.08681, 1.08666,
1, 20200417  14:40:00, 1.08679, 1.08659, 1.08666, 1.086685,
1, 20200417  14:41:00, 1.086705, 1.086595, 1.086685, 1.08669,
1, 20200417  14:42:00, 1.086745, 1.086645, 1.08669, 1.086735,
1, 20200417  14:43:00, 1.08692, 1.086735, 1.086735, 1.086915,
1, 20200417  14:44:00, 1.08718, 1.086895, 1.086915, 1.08716,
1, 20200417  14:45:00, 1.087215, 1.087075, 1.08716, 1.08708,
1, 20200417  14:46:00, 1.087275, 1.08705, 1.08708, 1.08719,
1, 20200417  14:47:00, 1.087345, 1.08715, 1.08719, 1.08733,
1, 20200417  14:48:00, 1.08733, 1.087165, 1.08733, 1.08718,
1, 20200417  14:49:00, 1.087215, 1.087095, 1.08718, 1.08721,
1, 20200417  14:50:00, 1.087385, 1.087085, 1.08721, 1.087085,
1, 20200417  14:51:00, 1.087085, 1.087015, 1.087085, 1.087035,
1, 20200417  14:52:00, 1.08707, 1.086975, 1.087035, 1.087065,
1, 20200417  14:53:00, 1.087125, 1.086965, 1.087065, 1.087005,
1, 20200417  14:54:00, 1.087115, 1.08694, 1.087005, 1.087095,
1, 20200417  14:55:00, 1.087095, 1.08695, 1.087095, 1.087065,
1, 20200417  14:56:00, 1.087075, 1.086855, 1.087065, 1.08687,
1, 20200417  14:57:00, 1.086925, 1.086805, 1.08687, 1.08685,
1, 20200417  14:58:00, 1.086935, 1.086785, 1.08685, 1.086795,
1, 20200417  14:59:00, 1.08708, 1.086785, 1.086795, 1.0869,
1, 20200417  15:00:00, 1.086955, 1.08675, 1.0869, 1.08679,
1, 20200417  15:01:00, 1.08679, 1.08658, 1.08679, 1.086605,
1, 20200417  15:02:00, 1.08663, 1.08655, 1.086605, 1.086615,
1, 20200417  15:03:00, 1.086695, 1.086605, 1.086615, 1.086625,
1, 20200417  15:04:00, 1.086645, 1.086575, 1.086625, 1.086575,
1, 20200417  15:05:00, 1.08663, 1.086575, 1.086575, 1.086595,
1, 20200417  15:06:00, 1.086595, 1.0865, 1.086595, 1.08651,
1, 20200417  15:07:00, 1.086595, 1.086475, 1.08651, 1.086585,
1, 20200417  15:08:00, 1.08665, 1.08655, 1.086585, 1.08659,
1, 20200417  15:09:00, 1.08661, 1.08655, 1.08659, 1.086575,
1, 20200417  15:10:00, 1.08659, 1.0865, 1.086575, 1.086515,
1, 20200417  15:11:00, 1.086605, 1.086485, 1.086515, 1.086515,
1, 20200417  15:12:00, 1.086595, 1.086465, 1.086515, 1.086595,
1, 20200417  15:13:00, 1.086735, 1.086595, 1.086595, 1.08672,
1, 20200417  15:14:00, 1.086765, 1.086705, 1.08672, 1.08671,
1, 20200417  15:15:00, 1.08689, 1.086685, 1.08671, 1.08684,
1, 20200417  15:16:00, 1.086845, 1.086825, 1.08684, 1.086835,
1, 20200417  15:17:00, 1.08692, 1.086835, 1.086835, 1.086905,
1, 20200417  15:18:00, 1.08693, 1.086855, 1.086905, 1.086855,
1, 20200417  15:19:00, 1.08702, 1.08683, 1.086855, 1.08702,
1, 20200417  15:20:00, 1.087215, 1.08699, 1.08702, 1.08715,
1, 20200417  15:21:00, 1.087275, 1.08713, 1.08715, 1.08725,
1, 20200417  15:22:00, 1.087335, 1.087235, 1.08725, 1.08729,
1, 20200417  15:23:00, 1.087305, 1.087275, 1.08729, 1.08729,
1, 20200417  15:24:00, 1.0873, 1.087215, 1.08729, 1.087225,
1, 20200417  15:25:00, 1.087235, 1.087175, 1.087225, 1.08721,
1, 20200417  15:26:00, 1.087225, 1.087025, 1.08721, 1.08708,
1, 20200417  15:27:00, 1.08717, 1.08707, 1.08708, 1.087155,
1, 20200417  15:28:00, 1.08725, 1.087155, 1.087155, 1.087235,
1, 20200417  15:29:00, 1.087235, 1.08708, 1.087235, 1.087195,
1, 20200417  15:30:00, 1.087195, 1.087035, 1.087195, 1.087095,
1, 20200417  15:31:00, 1.08713, 1.087095, 1.087095, 1.08713,
1, 20200417  15:32:00, 1.08713, 1.0871, 1.08713, 1.087115,
1, 20200417  15:33:00, 1.087215, 1.0871, 1.087115, 1.08721,
1, 20200417  15:34:00, 1.08721, 1.087145, 1.08721, 1.087165,
1, 20200417  15:35:00, 1.087295, 1.087165, 1.087165, 1.08724,
1, 20200417  15:36:00, 1.087435, 1.087235, 1.08724, 1.087395,
1, 20200417  15:37:00, 1.08747, 1.087305, 1.087395, 1.08747,
1, 20200417  15:38:00, 1.087505, 1.08747, 1.08747, 1.08747,
1, 20200417  15:39:00, 1.087475, 1.08735, 1.08747, 1.087465,
1, 20200417  15:40:00, 1.087505, 1.087455, 1.087465, 1.087495,
1, 20200417  15:41:00, 1.0875, 1.087455, 1.087495, 1.08748,
1, 20200417  15:42:00, 1.087485, 1.08744, 1.08748, 1.087465,
1, 20200417  15:43:00, 1.08748, 1.087405, 1.087465, 1.087465,
1, 20200417  15:44:00, 1.087465, 1.08743, 1.087465, 1.08743,
1, 20200417  15:45:00, 1.08744, 1.08741, 1.08743, 1.08744,
1, 20200417  15:46:00, 1.08754, 1.087395, 1.08744, 1.08748,
1, 20200417  15:47:00, 1.08752, 1.087415, 1.08748, 1.087415,
1, 20200417  15:48:00, 1.087515, 1.087365, 1.087415, 1.08739,
1, 20200417  15:49:00, 1.087415, 1.08734, 1.08739, 1.08734,
1, 20200417  15:50:00, 1.087385, 1.087255, 1.08734, 1.08729,
1, 20200417  15:51:00, 1.087365, 1.087235, 1.08729, 1.08725,
1, 20200417  15:52:00, 1.087535, 1.08724, 1.08725, 1.08753,
1, 20200417  15:53:00, 1.0876, 1.08738, 1.08753, 1.08739,
1, 20200417  15:54:00, 1.087495, 1.08739, 1.08739, 1.087435,
1, 20200417  15:55:00, 1.087685, 1.087435, 1.087435, 1.08754,
1, 20200417  15:56:00, 1.087555, 1.087275, 1.08754, 1.087385,
1, 20200417  15:57:00, 1.0874, 1.087325, 1.087385, 1.08734,
1, 20200417  15:58:00, 1.08757, 1.08734, 1.08734, 1.08757,
1, 20200417  15:59:00, 1.08758, 1.087385, 1.08757, 1.087495,
