1, 20200225  04:00:00, 54.96, 49.555, 54.96, 50.265,
1, 20200225  04:01:00, 50.36, 50.265, 50.265, 50.325,
1, 20200225  04:02:00, 50.37, 50.325, 50.325, 50.345,
1, 20200225  04:03:00, 50.56, 50.315, 50.345, 50.45,
1, 20200225  04:04:00, 50.52, 50.215, 50.45, 50.215,
1, 20200225  04:05:00, 50.3, 50.16, 50.215, 50.21,
1, 20200225  04:06:00, 50.21, 50.05, 50.21, 50.05,
1, 20200225  04:07:00, 50.245, 50.04, 50.05, 50.11,
1, 20200225  04:08:00, 50.12, 50.11, 50.11, 50.12,
1, 20200225  04:09:00, 50.165, 50.115, 50.12, 50.165,
1, 20200225  04:10:00, 50.165, 49.845, 50.165, 49.895,
1, 20200225  04:11:00, 49.975, 49.865, 49.895, 49.865,
1, 20200225  04:12:00, 49.885, 49.805, 49.865, 49.85,
1, 20200225  04:13:00, 49.85, 49.75, 49.85, 49.83,
1, 20200225  04:14:00, 49.885, 49.75, 49.83, 49.805,
1, 20200225  04:15:00, 49.83, 49.805, 49.805, 49.805,
1, 20200225  04:16:00, 49.86, 49.805, 49.805, 49.86,
1, 20200225  04:17:00, 49.865, 49.85, 49.86, 49.85,
1, 20200225  04:18:00, 49.86, 49.85, 49.85, 49.86,
1, 20200225  04:19:00, 50.05, 49.86, 49.86, 49.975,
1, 20200225  04:20:00, 49.98, 49.97, 49.975, 49.98,
1, 20200225  04:21:00, 49.98, 49.805, 49.98, 49.905,
1, 20200225  04:22:00, 49.985, 49.9, 49.905, 49.985,
1, 20200225  04:23:00, 49.985, 49.92, 49.985, 49.935,
1, 20200225  04:24:00, 49.935, 49.89, 49.935, 49.89,
1, 20200225  04:25:00, 49.92, 49.875, 49.89, 49.92,
1, 20200225  04:26:00, 49.945, 49.915, 49.92, 49.945,
1, 20200225  04:27:00, 50.045, 49.945, 49.945, 49.99,
1, 20200225  04:28:00, 50.045, 49.95, 49.99, 50.01,
1, 20200225  04:29:00, 50.015, 49.995, 50.01, 50.0,
1, 20200225  04:30:00, 50.045, 49.99, 50.0, 50.045,
1, 20200225  04:31:00, 50.05, 50.01, 50.045, 50.04,
1, 20200225  04:32:00, 50.05, 49.98, 50.04, 49.98,
1, 20200225  04:33:00, 49.985, 49.955, 49.98, 49.985,
1, 20200225  04:34:00, 50.035, 49.985, 49.985, 50.035,
1, 20200225  04:35:00, 50.105, 50.035, 50.035, 50.105,
1, 20200225  04:36:00, 50.175, 50.105, 50.105, 50.13,
1, 20200225  04:37:00, 50.13, 50.125, 50.13, 50.13,
1, 20200225  04:38:00, 50.13, 50.13, 50.13, 50.13,
1, 20200225  04:39:00, 50.135, 50.13, 50.13, 50.13,
1, 20200225  04:40:00, 50.13, 50.105, 50.13, 50.105,
1, 20200225  04:41:00, 50.105, 49.975, 50.105, 49.985,
1, 20200225  04:42:00, 49.985, 49.975, 49.985, 49.985,
1, 20200225  04:43:00, 50.02, 49.975, 49.985, 50.02,
1, 20200225  04:44:00, 50.02, 50.015, 50.02, 50.015,
1, 20200225  04:45:00, 50.035, 50.01, 50.015, 50.035,
1, 20200225  04:46:00, 50.035, 50.01, 50.035, 50.035,
1, 20200225  04:47:00, 50.04, 49.99, 50.035, 49.99,
1, 20200225  04:48:00, 50.045, 49.97, 49.99, 50.045,
1, 20200225  04:49:00, 50.045, 50.045, 50.045, 50.045,
1, 20200225  04:50:00, 50.05, 50.045, 50.045, 50.05,
1, 20200225  04:51:00, 50.05, 50.04, 50.05, 50.04,
1, 20200225  04:52:00, 50.045, 50.04, 50.04, 50.045,
1, 20200225  04:53:00, 50.045, 49.995, 50.045, 49.995,
1, 20200225  04:54:00, 50.03, 49.985, 49.995, 50.03,
1, 20200225  04:55:00, 50.04, 50.025, 50.03, 50.025,
1, 20200225  04:56:00, 50.035, 50.005, 50.025, 50.03,
1, 20200225  04:57:00, 50.03, 49.96, 50.03, 49.96,
1, 20200225  04:58:00, 49.97, 49.96, 49.96, 49.97,
1, 20200225  04:59:00, 50.005, 49.97, 49.97, 50.005,
1, 20200225  05:00:00, 50.035, 49.955, 50.005, 49.955,
1, 20200225  05:01:00, 49.955, 49.955, 49.955, 49.955,
1, 20200225  05:02:00, 49.98, 49.955, 49.955, 49.97,
1, 20200225  05:03:00, 49.985, 49.965, 49.97, 49.985,
1, 20200225  05:04:00, 49.985, 49.985, 49.985, 49.985,
1, 20200225  05:05:00, 49.985, 49.975, 49.985, 49.975,
1, 20200225  05:06:00, 49.975, 49.965, 49.975, 49.965,
1, 20200225  05:07:00, 49.965, 49.965, 49.965, 49.965,
1, 20200225  05:08:00, 49.965, 49.965, 49.965, 49.965,
1, 20200225  05:09:00, 49.975, 49.965, 49.965, 49.975,
1, 20200225  05:10:00, 49.975, 49.965, 49.975, 49.965,
1, 20200225  05:11:00, 49.965, 49.965, 49.965, 49.965,
1, 20200225  05:12:00, 49.965, 49.965, 49.965, 49.965,
1, 20200225  05:13:00, 49.965, 49.965, 49.965, 49.965,
1, 20200225  05:14:00, 49.965, 49.965, 49.965, 49.965,
1, 20200225  05:15:00, 50.035, 49.965, 49.965, 50.015,
1, 20200225  05:16:00, 50.03, 50.015, 50.015, 50.015,
1, 20200225  05:17:00, 50.015, 49.995, 50.015, 49.995,
1, 20200225  05:18:00, 49.995, 49.995, 49.995, 49.995,
1, 20200225  05:19:00, 49.995, 49.995, 49.995, 49.995,
1, 20200225  05:20:00, 49.995, 49.995, 49.995, 49.995,
1, 20200225  05:21:00, 49.995, 49.965, 49.995, 49.965,
1, 20200225  05:22:00, 49.965, 49.965, 49.965, 49.965,
1, 20200225  05:23:00, 49.98, 49.965, 49.965, 49.98,
1, 20200225  05:24:00, 49.98, 49.975, 49.98, 49.975,
1, 20200225  05:25:00, 49.975, 49.975, 49.975, 49.975,
1, 20200225  05:26:00, 49.975, 49.965, 49.975, 49.965,
1, 20200225  05:27:00, 49.965, 49.965, 49.965, 49.965,
1, 20200225  05:28:00, 49.965, 49.905, 49.965, 49.905,
1, 20200225  05:29:00, 49.905, 49.905, 49.905, 49.905,
1, 20200225  05:30:00, 49.905, 49.805, 49.905, 49.825,
1, 20200225  05:31:00, 49.825, 49.705, 49.825, 49.705,
1, 20200225  05:32:00, 49.705, 49.605, 49.705, 49.65,
1, 20200225  05:33:00, 49.75, 49.65, 49.65, 49.745,
1, 20200225  05:34:00, 49.745, 49.745, 49.745, 49.745,
1, 20200225  05:35:00, 49.745, 49.695, 49.745, 49.715,
1, 20200225  05:36:00, 49.735, 49.715, 49.715, 49.735,
1, 20200225  05:37:00, 49.745, 49.715, 49.735, 49.725,
1, 20200225  05:38:00, 49.765, 49.71, 49.725, 49.71,
1, 20200225  05:39:00, 49.725, 49.68, 49.71, 49.705,
1, 20200225  05:40:00, 49.735, 49.635, 49.705, 49.7,
1, 20200225  05:41:00, 49.7, 49.68, 49.7, 49.68,
1, 20200225  05:42:00, 49.7, 49.68, 49.68, 49.68,
1, 20200225  05:43:00, 49.68, 49.605, 49.68, 49.605,
1, 20200225  05:44:00, 49.655, 49.515, 49.605, 49.58,
1, 20200225  05:45:00, 49.58, 49.465, 49.58, 49.465,
1, 20200225  05:46:00, 49.465, 49.46, 49.465, 49.46,
1, 20200225  05:47:00, 49.58, 49.35, 49.46, 49.465,
1, 20200225  05:48:00, 49.58, 49.465, 49.465, 49.575,
1, 20200225  05:49:00, 49.575, 49.45, 49.575, 49.54,
1, 20200225  05:50:00, 49.595, 49.53, 49.54, 49.595,
1, 20200225  05:51:00, 49.595, 49.595, 49.595, 49.595,
1, 20200225  05:52:00, 49.605, 49.595, 49.595, 49.6,
1, 20200225  05:53:00, 49.6, 49.6, 49.6, 49.6,
1, 20200225  05:54:00, 49.675, 49.57, 49.6, 49.605,
1, 20200225  05:55:00, 49.645, 49.605, 49.605, 49.645,
1, 20200225  05:56:00, 49.645, 49.645, 49.645, 49.645,
1, 20200225  05:57:00, 49.745, 49.645, 49.645, 49.745,
1, 20200225  05:58:00, 49.775, 49.705, 49.745, 49.775,
1, 20200225  05:59:00, 49.775, 49.745, 49.775, 49.745,
1, 20200225  06:00:00, 49.745, 49.705, 49.745, 49.705,
1, 20200225  06:01:00, 49.735, 49.65, 49.705, 49.65,
1, 20200225  06:02:00, 49.705, 49.65, 49.65, 49.705,
1, 20200225  06:03:00, 49.705, 49.705, 49.705, 49.705,
1, 20200225  06:04:00, 49.705, 49.705, 49.705, 49.705,
1, 20200225  06:05:00, 49.705, 49.705, 49.705, 49.705,
1, 20200225  06:06:00, 49.705, 49.7, 49.705, 49.7,
1, 20200225  06:07:00, 49.7, 49.66, 49.7, 49.68,
1, 20200225  06:08:00, 49.68, 49.68, 49.68, 49.68,
1, 20200225  06:09:00, 49.68, 49.66, 49.68, 49.66,
1, 20200225  06:10:00, 49.685, 49.605, 49.66, 49.655,
1, 20200225  06:11:00, 49.7, 49.605, 49.655, 49.665,
1, 20200225  06:12:00, 49.665, 49.665, 49.665, 49.665,
1, 20200225  06:13:00, 49.665, 49.665, 49.665, 49.665,
1, 20200225  06:14:00, 49.67, 49.665, 49.665, 49.67,
1, 20200225  06:15:00, 49.71, 49.67, 49.67, 49.68,
1, 20200225  06:16:00, 49.71, 49.68, 49.68, 49.685,
1, 20200225  06:17:00, 49.685, 49.67, 49.685, 49.67,
1, 20200225  06:18:00, 49.67, 49.56, 49.67, 49.585,
1, 20200225  06:19:00, 49.585, 49.55, 49.585, 49.55,
1, 20200225  06:20:00, 49.765, 49.45, 49.55, 49.64,
1, 20200225  06:21:00, 49.65, 49.405, 49.64, 49.65,
1, 20200225  06:22:00, 49.65, 49.65, 49.65, 49.65,
1, 20200225  06:23:00, 49.65, 49.65, 49.65, 49.65,
1, 20200225  06:24:00, 49.655, 49.65, 49.65, 49.655,
1, 20200225  06:25:00, 49.655, 49.585, 49.655, 49.64,
1, 20200225  06:26:00, 49.665, 49.64, 49.64, 49.665,
1, 20200225  06:27:00, 49.665, 49.665, 49.665, 49.665,
1, 20200225  06:28:00, 49.715, 49.655, 49.665, 49.665,
1, 20200225  06:29:00, 49.69, 49.665, 49.665, 49.69,
1, 20200225  06:30:00, 49.77, 49.67, 49.69, 49.67,
1, 20200225  06:31:00, 49.72, 49.67, 49.67, 49.705,
1, 20200225  06:32:00, 49.805, 49.705, 49.705, 49.76,
1, 20200225  06:33:00, 49.775, 49.755, 49.76, 49.775,
1, 20200225  06:34:00, 49.86, 49.775, 49.775, 49.86,
1, 20200225  06:35:00, 49.99, 49.86, 49.86, 49.93,
1, 20200225  06:36:00, 50.065, 49.925, 49.93, 49.945,
1, 20200225  06:37:00, 50.065, 49.945, 49.945, 50.065,
1, 20200225  06:38:00, 50.065, 50.065, 50.065, 50.065,
1, 20200225  06:39:00, 50.065, 50.065, 50.065, 50.065,
1, 20200225  06:40:00, 50.065, 50.035, 50.065, 50.065,
1, 20200225  06:41:00, 50.07, 50.065, 50.065, 50.065,
1, 20200225  06:42:00, 50.065, 49.96, 50.065, 49.965,
1, 20200225  06:43:00, 49.97, 49.965, 49.965, 49.97,
1, 20200225  06:44:00, 49.98, 49.97, 49.97, 49.98,
1, 20200225  06:45:00, 50.025, 49.98, 49.98, 50.025,
1, 20200225  06:46:00, 50.04, 50.015, 50.025, 50.015,
1, 20200225  06:47:00, 50.025, 50.015, 50.015, 50.015,
1, 20200225  06:48:00, 50.015, 50.01, 50.015, 50.01,
1, 20200225  06:49:00, 50.035, 50.005, 50.01, 50.005,
1, 20200225  06:50:00, 50.02, 49.985, 50.005, 49.985,
1, 20200225  06:51:00, 50.025, 49.985, 49.985, 50.01,
1, 20200225  06:52:00, 50.06, 50.01, 50.01, 50.035,
1, 20200225  06:53:00, 50.035, 50.02, 50.035, 50.02,
1, 20200225  06:54:00, 50.02, 50.02, 50.02, 50.02,
1, 20200225  06:55:00, 50.025, 49.975, 50.02, 50.025,
1, 20200225  06:56:00, 50.04, 50.025, 50.025, 50.04,
1, 20200225  06:57:00, 50.045, 50.005, 50.04, 50.045,
1, 20200225  06:58:00, 50.05, 50.015, 50.045, 50.05,
1, 20200225  06:59:00, 50.05, 50.015, 50.05, 50.02,
1, 20200225  07:00:00, 50.14, 50.005, 50.02, 50.14,
1, 20200225  07:01:00, 50.235, 50.14, 50.14, 50.235,
1, 20200225  07:02:00, 50.285, 50.22, 50.235, 50.26,
1, 20200225  07:03:00, 50.29, 50.24, 50.26, 50.265,
1, 20200225  07:04:00, 50.265, 50.205, 50.265, 50.21,
1, 20200225  07:05:00, 50.235, 50.21, 50.21, 50.21,
1, 20200225  07:06:00, 50.21, 50.155, 50.21, 50.155,
1, 20200225  07:07:00, 50.155, 50.12, 50.155, 50.12,
1, 20200225  07:08:00, 50.12, 50.115, 50.12, 50.115,
1, 20200225  07:09:00, 50.115, 50.115, 50.115, 50.115,
1, 20200225  07:10:00, 50.115, 50.105, 50.115, 50.105,
1, 20200225  07:11:00, 50.105, 50.105, 50.105, 50.105,
1, 20200225  07:12:00, 50.105, 50.105, 50.105, 50.105,
1, 20200225  07:13:00, 50.105, 50.015, 50.105, 50.015,
1, 20200225  07:14:00, 50.015, 50.005, 50.015, 50.005,
1, 20200225  07:15:00, 50.005, 50.005, 50.005, 50.005,
1, 20200225  07:16:00, 50.005, 50.005, 50.005, 50.005,
1, 20200225  07:17:00, 50.005, 49.965, 50.005, 49.975,
1, 20200225  07:18:00, 50.07, 49.975, 49.975, 50.07,
1, 20200225  07:19:00, 50.175, 50.07, 50.07, 50.17,
1, 20200225  07:20:00, 50.17, 50.155, 50.17, 50.165,
1, 20200225  07:21:00, 50.165, 50.135, 50.165, 50.165,
1, 20200225  07:22:00, 50.295, 50.165, 50.165, 50.265,
1, 20200225  07:23:00, 50.275, 50.225, 50.265, 50.26,
1, 20200225  07:24:00, 50.26, 50.215, 50.26, 50.23,
1, 20200225  07:25:00, 50.295, 50.23, 50.23, 50.26,
1, 20200225  07:26:00, 50.325, 50.225, 50.26, 50.305,
1, 20200225  07:27:00, 50.355, 50.305, 50.305, 50.33,
1, 20200225  07:28:00, 50.405, 50.31, 50.33, 50.4,
1, 20200225  07:29:00, 50.45, 50.395, 50.4, 50.44,
1, 20200225  07:30:00, 50.45, 50.395, 50.44, 50.395,
1, 20200225  07:31:00, 50.395, 50.385, 50.395, 50.385,
1, 20200225  07:32:00, 50.385, 50.355, 50.385, 50.355,
1, 20200225  07:33:00, 50.385, 50.355, 50.355, 50.385,
1, 20200225  07:34:00, 50.44, 50.385, 50.385, 50.44,
1, 20200225  07:35:00, 50.495, 50.435, 50.44, 50.485,
1, 20200225  07:36:00, 50.585, 50.465, 50.485, 50.585,
1, 20200225  07:37:00, 50.585, 50.54, 50.585, 50.56,
1, 20200225  07:38:00, 50.765, 50.555, 50.56, 50.755,
1, 20200225  07:39:00, 50.95, 50.755, 50.755, 50.945,
1, 20200225  07:40:00, 51.175, 50.905, 50.945, 51.045,
1, 20200225  07:41:00, 51.075, 51.005, 51.045, 51.005,
1, 20200225  07:42:00, 51.005, 50.925, 51.005, 50.94,
1, 20200225  07:43:00, 50.94, 50.875, 50.94, 50.885,
1, 20200225  07:44:00, 50.925, 50.845, 50.885, 50.865,
1, 20200225  07:45:00, 50.94, 50.865, 50.865, 50.935,
1, 20200225  07:46:00, 51.075, 50.935, 50.935, 51.075,
1, 20200225  07:47:00, 51.125, 51.04, 51.075, 51.105,
1, 20200225  07:48:00, 51.155, 51.025, 51.105, 51.025,
1, 20200225  07:49:00, 51.08, 51.025, 51.025, 51.08,
1, 20200225  07:50:00, 51.09, 51.025, 51.08, 51.035,
1, 20200225  07:51:00, 51.07, 51.025, 51.035, 51.07,
1, 20200225  07:52:00, 51.07, 51.03, 51.07, 51.035,
1, 20200225  07:53:00, 51.09, 51.035, 51.035, 51.09,
1, 20200225  07:54:00, 51.095, 51.075, 51.09, 51.095,
1, 20200225  07:55:00, 51.095, 51.055, 51.095, 51.075,
1, 20200225  07:56:00, 51.1, 51.075, 51.075, 51.095,
1, 20200225  07:57:00, 51.135, 51.095, 51.095, 51.125,
1, 20200225  07:58:00, 51.13, 51.115, 51.125, 51.125,
1, 20200225  07:59:00, 51.125, 51.105, 51.125, 51.11,
1, 20200225  08:00:00, 51.11, 51.055, 51.11, 51.055,
1, 20200225  08:01:00, 51.055, 50.93, 51.055, 50.945,
1, 20200225  08:02:00, 50.965, 50.92, 50.945, 50.93,
1, 20200225  08:03:00, 50.935, 50.91, 50.93, 50.915,
1, 20200225  08:04:00, 50.915, 50.895, 50.915, 50.905,
1, 20200225  08:05:00, 50.945, 50.905, 50.905, 50.935,
1, 20200225  08:06:00, 50.975, 50.93, 50.935, 50.97,
1, 20200225  08:07:00, 50.97, 50.93, 50.97, 50.93,
1, 20200225  08:08:00, 50.945, 50.93, 50.93, 50.935,
1, 20200225  08:09:00, 50.935, 50.89, 50.935, 50.89,
1, 20200225  08:10:00, 50.95, 50.89, 50.89, 50.94,
1, 20200225  08:11:00, 51.06, 50.94, 50.94, 51.03,
1, 20200225  08:12:00, 51.055, 50.965, 51.03, 50.97,
1, 20200225  08:13:00, 51.045, 50.965, 50.97, 51.015,
1, 20200225  08:14:00, 51.025, 51.01, 51.015, 51.01,
1, 20200225  08:15:00, 51.01, 50.955, 51.01, 50.955,
1, 20200225  08:16:00, 50.96, 50.93, 50.955, 50.96,
1, 20200225  08:17:00, 50.96, 50.91, 50.96, 50.945,
1, 20200225  08:18:00, 50.945, 50.945, 50.945, 50.945,
1, 20200225  08:19:00, 50.965, 50.945, 50.945, 50.96,
1, 20200225  08:20:00, 51.06, 50.96, 50.96, 51.055,
1, 20200225  08:21:00, 51.065, 51.015, 51.055, 51.02,
1, 20200225  08:22:00, 51.025, 51.005, 51.02, 51.025,
1, 20200225  08:23:00, 51.025, 50.97, 51.025, 50.98,
1, 20200225  08:24:00, 50.985, 50.955, 50.98, 50.955,
1, 20200225  08:25:00, 50.955, 50.92, 50.955, 50.93,
1, 20200225  08:26:00, 51.005, 50.93, 50.93, 50.965,
1, 20200225  08:27:00, 51.035, 50.945, 50.965, 50.945,
1, 20200225  08:28:00, 50.945, 50.94, 50.945, 50.94,
1, 20200225  08:29:00, 50.94, 50.79, 50.94, 50.81,
1, 20200225  08:30:00, 50.83, 50.765, 50.81, 50.785,
1, 20200225  08:31:00, 50.795, 50.775, 50.785, 50.785,
1, 20200225  08:32:00, 50.795, 50.76, 50.785, 50.76,
1, 20200225  08:33:00, 50.77, 50.735, 50.76, 50.74,
1, 20200225  08:34:00, 50.745, 50.72, 50.74, 50.735,
1, 20200225  08:35:00, 50.765, 50.725, 50.735, 50.745,
1, 20200225  08:36:00, 50.825, 50.745, 50.745, 50.8,
1, 20200225  08:37:00, 50.85, 50.8, 50.8, 50.825,
1, 20200225  08:38:00, 50.865, 50.825, 50.825, 50.845,
1, 20200225  08:39:00, 50.85, 50.825, 50.845, 50.835,
1, 20200225  08:40:00, 50.835, 50.83, 50.835, 50.835,
1, 20200225  08:41:00, 50.865, 50.835, 50.835, 50.865,
1, 20200225  08:42:00, 50.885, 50.855, 50.865, 50.86,
1, 20200225  08:43:00, 50.925, 50.83, 50.86, 50.86,
1, 20200225  08:44:00, 50.86, 50.775, 50.86, 50.81,
1, 20200225  08:45:00, 50.81, 50.77, 50.81, 50.79,
1, 20200225  08:46:00, 50.88, 50.78, 50.79, 50.88,
1, 20200225  08:47:00, 50.915, 50.865, 50.88, 50.905,
1, 20200225  08:48:00, 50.905, 50.895, 50.905, 50.905,
1, 20200225  08:49:00, 50.905, 50.87, 50.905, 50.87,
1, 20200225  08:50:00, 50.89, 50.86, 50.87, 50.86,
1, 20200225  08:51:00, 50.875, 50.86, 50.86, 50.865,
1, 20200225  08:52:00, 50.865, 50.86, 50.865, 50.865,
1, 20200225  08:53:00, 50.87, 50.825, 50.865, 50.825,
1, 20200225  08:54:00, 50.83, 50.815, 50.825, 50.825,
1, 20200225  08:55:00, 50.88, 50.825, 50.825, 50.835,
1, 20200225  08:56:00, 50.855, 50.825, 50.835, 50.84,
1, 20200225  08:57:00, 50.84, 50.835, 50.84, 50.835,
1, 20200225  08:58:00, 50.835, 50.74, 50.835, 50.74,
1, 20200225  08:59:00, 50.745, 50.705, 50.74, 50.74,
1, 20200225  09:00:00, 50.77, 50.705, 50.74, 50.705,
1, 20200225  09:01:00, 50.715, 50.66, 50.705, 50.71,
1, 20200225  09:02:00, 50.71, 50.615, 50.71, 50.675,
1, 20200225  09:03:00, 50.68, 50.535, 50.675, 50.535,
1, 20200225  09:04:00, 50.58, 50.535, 50.535, 50.55,
1, 20200225  09:05:00, 50.65, 50.54, 50.55, 50.625,
1, 20200225  09:06:00, 50.685, 50.615, 50.625, 50.675,
1, 20200225  09:07:00, 50.725, 50.675, 50.675, 50.69,
1, 20200225  09:08:00, 50.69, 50.655, 50.69, 50.685,
1, 20200225  09:09:00, 50.715, 50.685, 50.685, 50.705,
1, 20200225  09:10:00, 50.71, 50.69, 50.705, 50.69,
1, 20200225  09:11:00, 50.705, 50.685, 50.69, 50.705,
1, 20200225  09:12:00, 50.81, 50.695, 50.705, 50.81,
1, 20200225  09:13:00, 50.815, 50.755, 50.81, 50.76,
1, 20200225  09:14:00, 50.825, 50.755, 50.76, 50.815,
1, 20200225  09:15:00, 50.955, 50.815, 50.815, 50.87,
1, 20200225  09:16:00, 51.065, 50.865, 50.87, 51.065,
1, 20200225  09:17:00, 51.295, 51.065, 51.065, 51.295,
1, 20200225  09:18:00, 51.305, 51.195, 51.295, 51.23,
1, 20200225  09:19:00, 51.26, 51.07, 51.23, 51.085,
1, 20200225  09:20:00, 51.205, 51.085, 51.085, 51.185,
1, 20200225  09:21:00, 51.275, 51.155, 51.185, 51.155,
1, 20200225  09:22:00, 51.155, 51.125, 51.155, 51.14,
1, 20200225  09:23:00, 51.15, 51.115, 51.14, 51.13,
1, 20200225  09:24:00, 51.175, 51.11, 51.13, 51.155,
1, 20200225  09:25:00, 51.185, 51.135, 51.155, 51.17,
1, 20200225  09:26:00, 51.19, 51.155, 51.17, 51.19,
1, 20200225  09:27:00, 51.19, 51.165, 51.19, 51.165,
1, 20200225  09:28:00, 51.17, 51.125, 51.165, 51.13,
1, 20200225  09:29:00, 51.145, 51.125, 51.13, 51.145,
1, 20200225  09:30:00, 51.235, 50.855, 51.145, 50.985,
1, 20200225  09:31:00, 51.05, 50.755, 50.985, 50.95,
1, 20200225  09:32:00, 50.95, 50.605, 50.95, 50.605,
1, 20200225  09:33:00, 50.65, 50.31, 50.605, 50.32,
1, 20200225  09:34:00, 50.455, 50.135, 50.32, 50.205,
1, 20200225  09:35:00, 50.555, 50.175, 50.205, 50.48,
1, 20200225  09:36:00, 50.485, 50.205, 50.48, 50.265,
1, 20200225  09:37:00, 50.355, 50.245, 50.265, 50.255,
1, 20200225  09:38:00, 50.365, 50.245, 50.255, 50.34,
1, 20200225  09:39:00, 50.48, 50.205, 50.34, 50.215,
1, 20200225  09:40:00, 50.225, 49.905, 50.215, 49.905,
1, 20200225  09:41:00, 49.935, 49.765, 49.905, 49.865,
1, 20200225  09:42:00, 50.025, 49.775, 49.865, 50.015,
1, 20200225  09:43:00, 50.015, 49.865, 50.015, 49.955,
1, 20200225  09:44:00, 49.965, 49.855, 49.955, 49.855,
1, 20200225  09:45:00, 49.875, 49.425, 49.855, 49.465,
1, 20200225  09:46:00, 49.48, 49.205, 49.465, 49.305,
1, 20200225  09:47:00, 49.435, 49.295, 49.305, 49.405,
1, 20200225  09:48:00, 49.475, 49.285, 49.405, 49.305,
1, 20200225  09:49:00, 49.575, 49.295, 49.305, 49.485,
1, 20200225  09:50:00, 49.495, 49.305, 49.485, 49.475,
1, 20200225  09:51:00, 49.645, 49.46, 49.475, 49.585,
1, 20200225  09:52:00, 49.695, 49.545, 49.585, 49.585,
1, 20200225  09:53:00, 49.72, 49.505, 49.585, 49.715,
1, 20200225  09:54:00, 49.72, 49.575, 49.715, 49.625,
1, 20200225  09:55:00, 49.625, 49.375, 49.625, 49.375,
1, 20200225  09:56:00, 49.47, 49.275, 49.375, 49.465,
1, 20200225  09:57:00, 49.545, 49.415, 49.465, 49.455,
1, 20200225  09:58:00, 49.58, 49.325, 49.455, 49.57,
1, 20200225  09:59:00, 49.585, 49.455, 49.57, 49.485,
1, 20200225  10:00:00, 49.595, 49.295, 49.485, 49.52,
1, 20200225  10:01:00, 49.635, 49.52, 49.52, 49.525,
1, 20200225  10:02:00, 49.665, 49.445, 49.525, 49.565,
1, 20200225  10:03:00, 49.645, 49.445, 49.565, 49.515,
1, 20200225  10:04:00, 49.535, 49.315, 49.515, 49.325,
1, 20200225  10:05:00, 49.485, 49.295, 49.325, 49.48,
1, 20200225  10:06:00, 49.555, 49.405, 49.48, 49.495,
1, 20200225  10:07:00, 49.58, 49.455, 49.495, 49.515,
1, 20200225  10:08:00, 49.575, 49.475, 49.515, 49.535,
1, 20200225  10:09:00, 49.565, 49.455, 49.535, 49.455,
1, 20200225  10:10:00, 49.455, 49.375, 49.455, 49.385,
1, 20200225  10:11:00, 49.475, 49.375, 49.385, 49.44,
1, 20200225  10:12:00, 49.44, 49.125, 49.44, 49.125,
1, 20200225  10:13:00, 49.125, 48.875, 49.125, 49.0,
1, 20200225  10:14:00, 49.095, 48.935, 49.0, 49.065,
1, 20200225  10:15:00, 49.145, 49.01, 49.065, 49.105,
1, 20200225  10:16:00, 49.185, 49.06, 49.105, 49.13,
1, 20200225  10:17:00, 49.195, 49.085, 49.13, 49.135,
1, 20200225  10:18:00, 49.205, 49.075, 49.135, 49.115,
1, 20200225  10:19:00, 49.125, 48.885, 49.115, 48.885,
1, 20200225  10:20:00, 48.925, 48.805, 48.885, 48.865,
1, 20200225  10:21:00, 48.925, 48.805, 48.865, 48.845,
1, 20200225  10:22:00, 48.845, 48.625, 48.845, 48.625,
1, 20200225  10:23:00, 48.665, 48.515, 48.625, 48.58,
1, 20200225  10:24:00, 48.745, 48.58, 48.58, 48.705,
1, 20200225  10:25:00, 48.715, 48.4, 48.705, 48.405,
1, 20200225  10:26:00, 48.595, 48.385, 48.405, 48.52,
1, 20200225  10:27:00, 48.585, 48.265, 48.52, 48.295,
1, 20200225  10:28:00, 48.475, 48.215, 48.295, 48.4,
1, 20200225  10:29:00, 48.585, 48.4, 48.4, 48.475,
1, 20200225  10:30:00, 48.655, 48.475, 48.475, 48.505,
1, 20200225  10:31:00, 48.555, 48.415, 48.505, 48.445,
1, 20200225  10:32:00, 48.485, 48.125, 48.445, 48.305,
1, 20200225  10:33:00, 48.305, 48.095, 48.305, 48.105,
1, 20200225  10:34:00, 48.235, 48.065, 48.105, 48.13,
1, 20200225  10:35:00, 48.13, 47.765, 48.13, 47.99,
1, 20200225  10:36:00, 48.145, 47.885, 47.99, 48.11,
1, 20200225  10:37:00, 48.27, 48.025, 48.11, 48.265,
1, 20200225  10:38:00, 48.295, 48.155, 48.265, 48.22,
1, 20200225  10:39:00, 48.255, 48.115, 48.22, 48.255,
1, 20200225  10:40:00, 48.255, 47.985, 48.255, 48.105,
1, 20200225  10:41:00, 48.395, 48.105, 48.105, 48.375,
1, 20200225  10:42:00, 48.385, 48.215, 48.375, 48.38,
1, 20200225  10:43:00, 48.525, 48.355, 48.38, 48.515,
1, 20200225  10:44:00, 48.605, 48.465, 48.515, 48.545,
1, 20200225  10:45:00, 48.55, 48.445, 48.545, 48.445,
1, 20200225  10:46:00, 48.445, 48.24, 48.445, 48.285,
1, 20200225  10:47:00, 48.315, 48.125, 48.285, 48.305,
1, 20200225  10:48:00, 48.355, 48.225, 48.305, 48.3,
1, 20200225  10:49:00, 48.31, 48.095, 48.3, 48.165,
1, 20200225  10:50:00, 48.18, 48.005, 48.165, 48.015,
1, 20200225  10:51:00, 48.035, 47.885, 48.015, 48.035,
1, 20200225  10:52:00, 48.04, 47.885, 48.035, 47.885,
1, 20200225  10:53:00, 47.955, 47.845, 47.885, 47.845,
1, 20200225  10:54:00, 48.04, 47.805, 47.845, 48.03,
1, 20200225  10:55:00, 48.065, 47.965, 48.03, 48.045,
1, 20200225  10:56:00, 48.235, 48.045, 48.045, 48.195,
1, 20200225  10:57:00, 48.295, 48.165, 48.195, 48.29,
1, 20200225  10:58:00, 48.34, 48.155, 48.29, 48.285,
1, 20200225  10:59:00, 48.445, 48.225, 48.285, 48.44,
1, 20200225  11:00:00, 48.44, 48.305, 48.44, 48.385,
1, 20200225  11:01:00, 48.435, 48.255, 48.385, 48.335,
1, 20200225  11:02:00, 48.355, 48.095, 48.335, 48.105,
1, 20200225  11:03:00, 48.145, 48.055, 48.105, 48.085,
1, 20200225  11:04:00, 48.085, 47.955, 48.085, 48.015,
1, 20200225  11:05:00, 48.245, 48.005, 48.015, 48.14,
1, 20200225  11:06:00, 48.155, 47.955, 48.14, 48.025,
1, 20200225  11:07:00, 48.195, 47.995, 48.025, 48.09,
1, 20200225  11:08:00, 48.195, 47.885, 48.09, 47.945,
1, 20200225  11:09:00, 48.015, 47.835, 47.945, 47.855,
1, 20200225  11:10:00, 47.985, 47.775, 47.855, 47.965,
1, 20200225  11:11:00, 48.12, 47.925, 47.965, 48.025,
1, 20200225  11:12:00, 48.095, 47.925, 48.025, 48.045,
1, 20200225  11:13:00, 48.145, 48.005, 48.045, 48.035,
1, 20200225  11:14:00, 48.095, 48.005, 48.035, 48.005,
1, 20200225  11:15:00, 48.015, 47.855, 48.005, 47.935,
1, 20200225  11:16:00, 47.965, 47.815, 47.935, 47.92,
1, 20200225  11:17:00, 47.925, 47.655, 47.92, 47.725,
1, 20200225  11:18:00, 47.78, 47.515, 47.725, 47.575,
1, 20200225  11:19:00, 47.745, 47.535, 47.575, 47.705,
1, 20200225  11:20:00, 47.705, 47.555, 47.705, 47.685,
1, 20200225  11:21:00, 47.845, 47.655, 47.685, 47.655,
1, 20200225  11:22:00, 47.665, 47.505, 47.655, 47.53,
1, 20200225  11:23:00, 47.735, 47.525, 47.53, 47.615,
1, 20200225  11:24:00, 47.795, 47.575, 47.615, 47.765,
1, 20200225  11:25:00, 47.905, 47.695, 47.765, 47.905,
1, 20200225  11:26:00, 47.955, 47.835, 47.905, 47.845,
1, 20200225  11:27:00, 48.035, 47.815, 47.845, 48.005,
1, 20200225  11:28:00, 48.075, 47.845, 48.005, 48.07,
1, 20200225  11:29:00, 48.085, 47.935, 48.07, 48.055,
1, 20200225  11:30:00, 48.125, 47.905, 48.055, 47.955,
1, 20200225  11:31:00, 48.135, 47.935, 47.955, 48.125,
1, 20200225  11:32:00, 48.215, 48.105, 48.125, 48.185,
1, 20200225  11:33:00, 48.285, 48.17, 48.185, 48.235,
1, 20200225  11:34:00, 48.235, 48.12, 48.235, 48.155,
1, 20200225  11:35:00, 48.195, 48.085, 48.155, 48.095,
1, 20200225  11:36:00, 48.215, 48.02, 48.095, 48.215,
1, 20200225  11:37:00, 48.295, 48.185, 48.215, 48.235,
1, 20200225  11:38:00, 48.275, 48.135, 48.235, 48.155,
1, 20200225  11:39:00, 48.175, 48.015, 48.155, 48.175,
1, 20200225  11:40:00, 48.185, 48.085, 48.175, 48.145,
1, 20200225  11:41:00, 48.165, 48.075, 48.145, 48.075,
1, 20200225  11:42:00, 48.155, 48.025, 48.075, 48.035,
1, 20200225  11:43:00, 48.125, 47.965, 48.035, 47.985,
1, 20200225  11:44:00, 48.035, 47.905, 47.985, 47.915,
1, 20200225  11:45:00, 48.025, 47.895, 47.915, 48.015,
1, 20200225  11:46:00, 48.195, 47.995, 48.015, 48.185,
1, 20200225  11:47:00, 48.285, 48.175, 48.185, 48.255,
1, 20200225  11:48:00, 48.385, 48.195, 48.255, 48.355,
1, 20200225  11:49:00, 48.405, 48.295, 48.355, 48.395,
1, 20200225  11:50:00, 48.405, 48.315, 48.395, 48.325,
1, 20200225  11:51:00, 48.455, 48.315, 48.325, 48.445,
1, 20200225  11:52:00, 48.505, 48.415, 48.445, 48.465,
1, 20200225  11:53:00, 48.485, 48.325, 48.465, 48.415,
1, 20200225  11:54:00, 48.545, 48.415, 48.415, 48.545,
1, 20200225  11:55:00, 48.605, 48.475, 48.545, 48.585,
1, 20200225  11:56:00, 48.585, 48.485, 48.585, 48.485,
1, 20200225  11:57:00, 48.485, 48.355, 48.485, 48.395,
1, 20200225  11:58:00, 48.475, 48.395, 48.395, 48.425,
1, 20200225  11:59:00, 48.535, 48.41, 48.425, 48.48,
1, 20200225  12:00:00, 48.565, 48.425, 48.48, 48.435,
1, 20200225  12:01:00, 48.455, 48.335, 48.435, 48.435,
1, 20200225  12:02:00, 48.495, 48.365, 48.435, 48.4,
1, 20200225  12:03:00, 48.425, 48.345, 48.4, 48.415,
1, 20200225  12:04:00, 48.475, 48.255, 48.415, 48.275,
1, 20200225  12:05:00, 48.305, 48.225, 48.275, 48.265,
1, 20200225  12:06:00, 48.265, 48.135, 48.265, 48.165,
1, 20200225  12:07:00, 48.265, 48.165, 48.165, 48.205,
1, 20200225  12:08:00, 48.335, 48.175, 48.205, 48.28,
1, 20200225  12:09:00, 48.345, 48.255, 48.28, 48.325,
1, 20200225  12:10:00, 48.475, 48.285, 48.325, 48.455,
1, 20200225  12:11:00, 48.505, 48.455, 48.455, 48.46,
1, 20200225  12:12:00, 48.525, 48.46, 48.46, 48.51,
1, 20200225  12:13:00, 48.515, 48.375, 48.51, 48.375,
1, 20200225  12:14:00, 48.46, 48.375, 48.375, 48.385,
1, 20200225  12:15:00, 48.415, 48.215, 48.385, 48.24,
1, 20200225  12:16:00, 48.34, 48.225, 48.24, 48.24,
1, 20200225  12:17:00, 48.315, 48.235, 48.24, 48.285,
1, 20200225  12:18:00, 48.335, 48.245, 48.285, 48.245,
1, 20200225  12:19:00, 48.245, 48.135, 48.245, 48.16,
1, 20200225  12:20:00, 48.245, 48.155, 48.16, 48.215,
1, 20200225  12:21:00, 48.215, 47.965, 48.215, 48.075,
1, 20200225  12:22:00, 48.105, 48.025, 48.075, 48.085,
1, 20200225  12:23:00, 48.165, 48.025, 48.085, 48.155,
1, 20200225  12:24:00, 48.19, 48.095, 48.155, 48.155,
1, 20200225  12:25:00, 48.18, 48.085, 48.155, 48.085,
1, 20200225  12:26:00, 48.135, 48.055, 48.085, 48.085,
1, 20200225  12:27:00, 48.245, 48.085, 48.085, 48.235,
1, 20200225  12:28:00, 48.255, 48.175, 48.235, 48.255,
1, 20200225  12:29:00, 48.275, 48.185, 48.255, 48.205,
1, 20200225  12:30:00, 48.285, 48.195, 48.205, 48.285,
1, 20200225  12:31:00, 48.325, 48.205, 48.285, 48.315,
1, 20200225  12:32:00, 48.375, 48.305, 48.315, 48.345,
1, 20200225  12:33:00, 48.355, 48.275, 48.345, 48.335,
1, 20200225  12:34:00, 48.375, 48.285, 48.335, 48.365,
1, 20200225  12:35:00, 48.395, 48.325, 48.365, 48.395,
1, 20200225  12:36:00, 48.505, 48.395, 48.395, 48.505,
1, 20200225  12:37:00, 48.575, 48.475, 48.505, 48.535,
1, 20200225  12:38:00, 48.555, 48.455, 48.535, 48.475,
1, 20200225  12:39:00, 48.485, 48.415, 48.475, 48.485,
1, 20200225  12:40:00, 48.485, 48.345, 48.485, 48.345,
1, 20200225  12:41:00, 48.345, 48.245, 48.345, 48.3,
1, 20200225  12:42:00, 48.3, 48.185, 48.3, 48.225,
1, 20200225  12:43:00, 48.305, 48.205, 48.225, 48.225,
1, 20200225  12:44:00, 48.225, 48.115, 48.225, 48.155,
1, 20200225  12:45:00, 48.155, 48.015, 48.155, 48.105,
1, 20200225  12:46:00, 48.105, 47.965, 48.105, 47.965,
1, 20200225  12:47:00, 48.075, 47.965, 47.965, 48.025,
1, 20200225  12:48:00, 48.115, 48.005, 48.025, 48.005,
1, 20200225  12:49:00, 48.055, 47.905, 48.005, 48.015,
1, 20200225  12:50:00, 48.045, 47.905, 48.015, 47.905,
1, 20200225  12:51:00, 48.005, 47.845, 47.905, 47.995,
1, 20200225  12:52:00, 48.065, 47.93, 47.995, 48.065,
1, 20200225  12:53:00, 48.095, 48.015, 48.065, 48.095,
1, 20200225  12:54:00, 48.155, 48.055, 48.095, 48.115,
1, 20200225  12:55:00, 48.14, 48.105, 48.115, 48.115,
1, 20200225  12:56:00, 48.115, 47.945, 48.115, 47.945,
1, 20200225  12:57:00, 48.075, 47.925, 47.945, 48.035,
1, 20200225  12:58:00, 48.065, 47.96, 48.035, 47.97,
1, 20200225  12:59:00, 48.02, 47.955, 47.97, 48.02,
1, 20200225  13:00:00, 48.025, 47.965, 48.02, 47.995,
1, 20200225  13:01:00, 48.015, 47.945, 47.995, 47.945,
1, 20200225  13:02:00, 48.195, 47.925, 47.945, 48.11,
1, 20200225  13:03:00, 48.225, 48.075, 48.11, 48.205,
1, 20200225  13:04:00, 48.215, 48.01, 48.205, 48.125,
1, 20200225  13:05:00, 48.185, 48.055, 48.125, 48.055,
1, 20200225  13:06:00, 48.08, 48.01, 48.055, 48.06,
1, 20200225  13:07:00, 48.225, 48.055, 48.06, 48.21,
1, 20200225  13:08:00, 48.225, 48.115, 48.21, 48.195,
1, 20200225  13:09:00, 48.27, 48.175, 48.195, 48.195,
1, 20200225  13:10:00, 48.295, 48.185, 48.195, 48.235,
1, 20200225  13:11:00, 48.265, 48.195, 48.235, 48.255,
1, 20200225  13:12:00, 48.285, 48.225, 48.255, 48.28,
1, 20200225  13:13:00, 48.28, 48.115, 48.28, 48.135,
1, 20200225  13:14:00, 48.175, 48.085, 48.135, 48.13,
1, 20200225  13:15:00, 48.165, 48.055, 48.13, 48.055,
1, 20200225  13:16:00, 48.055, 47.945, 48.055, 47.945,
1, 20200225  13:17:00, 47.985, 47.885, 47.945, 47.895,
1, 20200225  13:18:00, 47.935, 47.855, 47.895, 47.92,
1, 20200225  13:19:00, 47.945, 47.875, 47.92, 47.875,
1, 20200225  13:20:00, 47.95, 47.865, 47.875, 47.945,
1, 20200225  13:21:00, 47.975, 47.915, 47.945, 47.965,
1, 20200225  13:22:00, 48.065, 47.96, 47.965, 48.025,
1, 20200225  13:23:00, 48.045, 48.005, 48.025, 48.005,
1, 20200225  13:24:00, 48.01, 47.985, 48.005, 47.985,
1, 20200225  13:25:00, 48.015, 47.885, 47.985, 47.905,
1, 20200225  13:26:00, 48.055, 47.895, 47.905, 48.005,
1, 20200225  13:27:00, 48.085, 48.005, 48.005, 48.035,
1, 20200225  13:28:00, 48.075, 48.015, 48.035, 48.045,
1, 20200225  13:29:00, 48.115, 48.015, 48.045, 48.04,
1, 20200225  13:30:00, 48.04, 47.945, 48.04, 47.985,
1, 20200225  13:31:00, 48.005, 47.885, 47.985, 47.905,
1, 20200225  13:32:00, 47.975, 47.905, 47.905, 47.915,
1, 20200225  13:33:00, 47.965, 47.905, 47.915, 47.945,
1, 20200225  13:34:00, 48.025, 47.915, 47.945, 48.005,
1, 20200225  13:35:00, 48.025, 47.855, 48.005, 47.855,
1, 20200225  13:36:00, 47.855, 47.805, 47.855, 47.815,
1, 20200225  13:37:00, 47.945, 47.815, 47.815, 47.905,
1, 20200225  13:38:00, 47.965, 47.825, 47.905, 47.875,
1, 20200225  13:39:00, 47.875, 47.805, 47.875, 47.815,
1, 20200225  13:40:00, 47.835, 47.795, 47.815, 47.805,
1, 20200225  13:41:00, 47.825, 47.805, 47.805, 47.805,
1, 20200225  13:42:00, 47.985, 47.805, 47.805, 47.965,
1, 20200225  13:43:00, 48.085, 47.96, 47.965, 47.995,
1, 20200225  13:44:00, 48.125, 47.98, 47.995, 48.055,
1, 20200225  13:45:00, 48.095, 47.995, 48.055, 48.05,
1, 20200225  13:46:00, 48.085, 48.025, 48.05, 48.03,
1, 20200225  13:47:00, 48.065, 48.005, 48.03, 48.045,
1, 20200225  13:48:00, 48.045, 47.945, 48.045, 47.975,
1, 20200225  13:49:00, 47.995, 47.935, 47.975, 47.935,
1, 20200225  13:50:00, 48.095, 47.935, 47.935, 48.055,
1, 20200225  13:51:00, 48.065, 48.005, 48.055, 48.005,
1, 20200225  13:52:00, 48.015, 47.885, 48.005, 47.935,
1, 20200225  13:53:00, 47.945, 47.805, 47.935, 47.805,
1, 20200225  13:54:00, 47.905, 47.805, 47.805, 47.855,
1, 20200225  13:55:00, 47.855, 47.815, 47.855, 47.825,
1, 20200225  13:56:00, 47.835, 47.805, 47.825, 47.805,
1, 20200225  13:57:00, 47.91, 47.785, 47.805, 47.855,
1, 20200225  13:58:00, 47.875, 47.805, 47.855, 47.805,
1, 20200225  13:59:00, 47.83, 47.805, 47.805, 47.805,
1, 20200225  14:00:00, 47.815, 47.765, 47.805, 47.815,
1, 20200225  14:01:00, 47.815, 47.755, 47.815, 47.755,
1, 20200225  14:02:00, 47.805, 47.515, 47.755, 47.545,
1, 20200225  14:03:00, 47.695, 47.535, 47.545, 47.615,
1, 20200225  14:04:00, 47.695, 47.615, 47.615, 47.695,
1, 20200225  14:05:00, 47.715, 47.645, 47.695, 47.68,
1, 20200225  14:06:00, 47.725, 47.555, 47.68, 47.575,
1, 20200225  14:07:00, 47.605, 47.505, 47.575, 47.505,
1, 20200225  14:08:00, 47.54, 47.325, 47.505, 47.35,
1, 20200225  14:09:00, 47.35, 47.125, 47.35, 47.255,
1, 20200225  14:10:00, 47.385, 47.255, 47.255, 47.375,
1, 20200225  14:11:00, 47.385, 47.285, 47.375, 47.355,
1, 20200225  14:12:00, 47.465, 47.335, 47.355, 47.425,
1, 20200225  14:13:00, 47.665, 47.425, 47.425, 47.645,
1, 20200225  14:14:00, 47.745, 47.585, 47.645, 47.705,
1, 20200225  14:15:00, 47.725, 47.535, 47.705, 47.705,
1, 20200225  14:16:00, 47.725, 47.575, 47.705, 47.625,
1, 20200225  14:17:00, 47.67, 47.505, 47.625, 47.525,
1, 20200225  14:18:00, 47.54, 47.375, 47.525, 47.485,
1, 20200225  14:19:00, 47.545, 47.395, 47.485, 47.475,
1, 20200225  14:20:00, 47.575, 47.385, 47.475, 47.55,
1, 20200225  14:21:00, 47.565, 47.43, 47.55, 47.465,
1, 20200225  14:22:00, 47.59, 47.445, 47.465, 47.49,
1, 20200225  14:23:00, 47.615, 47.465, 47.49, 47.51,
1, 20200225  14:24:00, 47.565, 47.375, 47.51, 47.375,
1, 20200225  14:25:00, 47.515, 47.375, 47.375, 47.405,
1, 20200225  14:26:00, 47.445, 47.345, 47.405, 47.385,
1, 20200225  14:27:00, 47.445, 47.335, 47.385, 47.34,
1, 20200225  14:28:00, 47.385, 47.205, 47.34, 47.22,
1, 20200225  14:29:00, 47.295, 47.155, 47.22, 47.16,
1, 20200225  14:30:00, 47.25, 47.155, 47.16, 47.175,
1, 20200225  14:31:00, 47.245, 47.125, 47.175, 47.195,
1, 20200225  14:32:00, 47.365, 47.16, 47.195, 47.35,
1, 20200225  14:33:00, 47.465, 47.235, 47.35, 47.295,
1, 20200225  14:34:00, 47.42, 47.225, 47.295, 47.355,
1, 20200225  14:35:00, 47.355, 47.26, 47.355, 47.285,
1, 20200225  14:36:00, 47.395, 47.255, 47.285, 47.365,
1, 20200225  14:37:00, 47.395, 47.285, 47.365, 47.39,
1, 20200225  14:38:00, 47.39, 47.225, 47.39, 47.275,
1, 20200225  14:39:00, 47.295, 47.185, 47.275, 47.215,
1, 20200225  14:40:00, 47.32, 47.205, 47.215, 47.255,
1, 20200225  14:41:00, 47.295, 47.185, 47.255, 47.195,
1, 20200225  14:42:00, 47.415, 47.185, 47.195, 47.34,
1, 20200225  14:43:00, 47.545, 47.275, 47.34, 47.525,
1, 20200225  14:44:00, 47.595, 47.505, 47.525, 47.585,
1, 20200225  14:45:00, 47.595, 47.465, 47.585, 47.495,
1, 20200225  14:46:00, 47.53, 47.4, 47.495, 47.445,
1, 20200225  14:47:00, 47.545, 47.395, 47.445, 47.525,
1, 20200225  14:48:00, 47.67, 47.51, 47.525, 47.66,
1, 20200225  14:49:00, 47.735, 47.565, 47.66, 47.63,
1, 20200225  14:50:00, 47.695, 47.58, 47.63, 47.58,
1, 20200225  14:51:00, 47.595, 47.505, 47.58, 47.585,
1, 20200225  14:52:00, 47.595, 47.515, 47.585, 47.545,
1, 20200225  14:53:00, 47.625, 47.545, 47.545, 47.625,
1, 20200225  14:54:00, 47.735, 47.625, 47.625, 47.705,
1, 20200225  14:55:00, 47.745, 47.635, 47.705, 47.74,
1, 20200225  14:56:00, 47.775, 47.675, 47.74, 47.765,
1, 20200225  14:57:00, 47.775, 47.675, 47.765, 47.75,
1, 20200225  14:58:00, 47.77, 47.605, 47.75, 47.645,
1, 20200225  14:59:00, 47.73, 47.625, 47.645, 47.675,
1, 20200225  15:00:00, 47.915, 47.675, 47.675, 47.905,
1, 20200225  15:01:00, 48.075, 47.855, 47.905, 48.075,
1, 20200225  15:02:00, 48.095, 47.885, 48.075, 47.895,
1, 20200225  15:03:00, 47.94, 47.795, 47.895, 47.895,
1, 20200225  15:04:00, 47.935, 47.83, 47.895, 47.865,
1, 20200225  15:05:00, 48.08, 47.825, 47.865, 48.055,
1, 20200225  15:06:00, 48.065, 47.885, 48.055, 47.985,
1, 20200225  15:07:00, 48.03, 47.925, 47.985, 47.94,
1, 20200225  15:08:00, 48.03, 47.935, 47.94, 47.965,
1, 20200225  15:09:00, 47.995, 47.885, 47.965, 47.89,
1, 20200225  15:10:00, 47.89, 47.635, 47.89, 47.675,
1, 20200225  15:11:00, 47.765, 47.675, 47.675, 47.705,
1, 20200225  15:12:00, 47.715, 47.655, 47.705, 47.695,
1, 20200225  15:13:00, 47.695, 47.625, 47.695, 47.645,
1, 20200225  15:14:00, 47.645, 47.54, 47.645, 47.595,
1, 20200225  15:15:00, 47.665, 47.555, 47.595, 47.65,
1, 20200225  15:16:00, 47.835, 47.65, 47.65, 47.805,
1, 20200225  15:17:00, 47.825, 47.645, 47.805, 47.645,
1, 20200225  15:18:00, 47.765, 47.585, 47.645, 47.675,
1, 20200225  15:19:00, 47.795, 47.655, 47.675, 47.66,
1, 20200225  15:20:00, 47.735, 47.615, 47.66, 47.615,
1, 20200225  15:21:00, 47.655, 47.505, 47.615, 47.535,
1, 20200225  15:22:00, 47.545, 47.455, 47.535, 47.495,
1, 20200225  15:23:00, 47.505, 47.405, 47.495, 47.475,
1, 20200225  15:24:00, 47.495, 47.435, 47.475, 47.495,
1, 20200225  15:25:00, 47.55, 47.465, 47.495, 47.495,
1, 20200225  15:26:00, 47.625, 47.48, 47.495, 47.625,
1, 20200225  15:27:00, 47.715, 47.585, 47.625, 47.66,
1, 20200225  15:28:00, 47.685, 47.595, 47.66, 47.635,
1, 20200225  15:29:00, 47.635, 47.535, 47.635, 47.565,
1, 20200225  15:30:00, 47.58, 47.515, 47.565, 47.525,
1, 20200225  15:31:00, 47.625, 47.505, 47.525, 47.505,
1, 20200225  15:32:00, 47.505, 47.405, 47.505, 47.405,
1, 20200225  15:33:00, 47.475, 47.395, 47.405, 47.475,
1, 20200225  15:34:00, 47.535, 47.465, 47.475, 47.475,
1, 20200225  15:35:00, 47.495, 47.395, 47.475, 47.445,
1, 20200225  15:36:00, 47.455, 47.395, 47.445, 47.435,
1, 20200225  15:37:00, 47.485, 47.385, 47.435, 47.485,
1, 20200225  15:38:00, 47.485, 47.385, 47.485, 47.405,
1, 20200225  15:39:00, 47.425, 47.355, 47.405, 47.355,
1, 20200225  15:40:00, 47.565, 47.355, 47.355, 47.555,
1, 20200225  15:41:00, 47.705, 47.535, 47.555, 47.635,
1, 20200225  15:42:00, 47.645, 47.575, 47.635, 47.595,
1, 20200225  15:43:00, 47.625, 47.545, 47.595, 47.595,
1, 20200225  15:44:00, 47.625, 47.535, 47.595, 47.555,
1, 20200225  15:45:00, 47.655, 47.555, 47.555, 47.655,
1, 20200225  15:46:00, 47.745, 47.625, 47.655, 47.705,
1, 20200225  15:47:00, 47.715, 47.675, 47.705, 47.705,
1, 20200225  15:48:00, 47.705, 47.645, 47.705, 47.655,
1, 20200225  15:49:00, 47.685, 47.605, 47.655, 47.605,
1, 20200225  15:50:00, 47.625, 47.515, 47.605, 47.515,
1, 20200225  15:51:00, 47.595, 47.515, 47.515, 47.535,
1, 20200225  15:52:00, 47.585, 47.525, 47.535, 47.585,
1, 20200225  15:53:00, 47.675, 47.585, 47.585, 47.635,
1, 20200225  15:54:00, 47.675, 47.535, 47.635, 47.575,
1, 20200225  15:55:00, 47.575, 47.515, 47.575, 47.555,
1, 20200225  15:56:00, 47.555, 47.435, 47.555, 47.445,
1, 20200225  15:57:00, 47.475, 47.425, 47.445, 47.475,
1, 20200225  15:58:00, 47.525, 47.455, 47.475, 47.495,
1, 20200225  15:59:00, 47.575, 47.495, 47.495, 47.56,
1, 20200225  16:00:00, 47.595, 47.53, 47.56, 47.545,
1, 20200225  16:01:00, 47.605, 47.545, 47.545, 47.545,
1, 20200225  16:02:00, 47.57, 47.535, 47.545, 47.57,
1, 20200225  16:03:00, 47.645, 47.57, 47.57, 47.63,
1, 20200225  16:04:00, 47.665, 47.605, 47.63, 47.66,
1, 20200225  16:05:00, 47.72, 47.645, 47.66, 47.675,
1, 20200225  16:06:00, 47.675, 47.625, 47.675, 47.625,
1, 20200225  16:07:00, 47.625, 47.615, 47.625, 47.625,
1, 20200225  16:08:00, 47.63, 47.625, 47.625, 47.625,
1, 20200225  16:09:00, 47.63, 47.615, 47.625, 47.63,
1, 20200225  16:10:00, 47.645, 47.615, 47.63, 47.64,
1, 20200225  16:11:00, 47.655, 47.64, 47.64, 47.655,
1, 20200225  16:12:00, 47.665, 47.655, 47.655, 47.665,
1, 20200225  16:13:00, 47.665, 47.645, 47.665, 47.645,
1, 20200225  16:14:00, 47.645, 47.645, 47.645, 47.645,
1, 20200225  16:15:00, 47.645, 47.635, 47.645, 47.645,
1, 20200225  16:16:00, 47.675, 47.645, 47.645, 47.665,
1, 20200225  16:17:00, 47.665, 47.65, 47.665, 47.65,
1, 20200225  16:18:00, 47.655, 47.645, 47.65, 47.645,
1, 20200225  16:19:00, 47.645, 47.645, 47.645, 47.645,
1, 20200225  16:20:00, 47.665, 47.645, 47.645, 47.645,
1, 20200225  16:21:00, 47.645, 47.64, 47.645, 47.645,
1, 20200225  16:22:00, 47.7, 47.645, 47.645, 47.69,
1, 20200225  16:23:00, 47.695, 47.68, 47.69, 47.68,
1, 20200225  16:24:00, 47.68, 47.675, 47.68, 47.675,
1, 20200225  16:25:00, 47.695, 47.665, 47.675, 47.695,
1, 20200225  16:26:00, 47.695, 47.695, 47.695, 47.695,
1, 20200225  16:27:00, 47.695, 47.665, 47.695, 47.665,
1, 20200225  16:28:00, 47.665, 47.645, 47.665, 47.66,
1, 20200225  16:29:00, 47.675, 47.66, 47.66, 47.67,
1, 20200225  16:30:00, 47.685, 47.67, 47.67, 47.675,
1, 20200225  16:31:00, 47.68, 47.665, 47.675, 47.67,
1, 20200225  16:32:00, 47.68, 47.67, 47.67, 47.68,
1, 20200225  16:33:00, 47.695, 47.675, 47.68, 47.695,
1, 20200225  16:34:00, 47.695, 47.67, 47.695, 47.69,
1, 20200225  16:35:00, 47.725, 47.69, 47.69, 47.71,
1, 20200225  16:36:00, 47.725, 47.695, 47.71, 47.715,
1, 20200225  16:37:00, 47.79, 47.71, 47.715, 47.79,
1, 20200225  16:38:00, 47.795, 47.78, 47.79, 47.785,
1, 20200225  16:39:00, 47.795, 47.78, 47.785, 47.795,
1, 20200225  16:40:00, 47.795, 47.765, 47.795, 47.77,
1, 20200225  16:41:00, 47.77, 47.72, 47.77, 47.72,
1, 20200225  16:42:00, 47.72, 47.695, 47.72, 47.715,
1, 20200225  16:43:00, 47.715, 47.71, 47.715, 47.71,
1, 20200225  16:44:00, 47.71, 47.7, 47.71, 47.705,
1, 20200225  16:45:00, 47.715, 47.705, 47.705, 47.715,
1, 20200225  16:46:00, 47.775, 47.715, 47.715, 47.77,
1, 20200225  16:47:00, 47.77, 47.765, 47.77, 47.765,
1, 20200225  16:48:00, 47.825, 47.765, 47.765, 47.825,
1, 20200225  16:49:00, 47.83, 47.805, 47.825, 47.815,
1, 20200225  16:50:00, 47.82, 47.81, 47.815, 47.815,
1, 20200225  16:51:00, 47.815, 47.79, 47.815, 47.815,
1, 20200225  16:52:00, 47.815, 47.81, 47.815, 47.81,
1, 20200225  16:53:00, 47.815, 47.78, 47.81, 47.78,
1, 20200225  16:54:00, 47.78, 47.755, 47.78, 47.765,
1, 20200225  16:55:00, 47.79, 47.765, 47.765, 47.78,
1, 20200225  16:56:00, 47.785, 47.775, 47.78, 47.78,
1, 20200225  16:57:00, 47.78, 47.76, 47.78, 47.76,
1, 20200225  16:58:00, 47.76, 47.72, 47.76, 47.72,
1, 20200225  16:59:00, 47.73, 47.695, 47.72, 47.72,
1, 20200225  17:00:00, 47.725, 47.7, 47.72, 47.7,
1, 20200225  17:01:00, 47.705, 47.665, 47.7, 47.7,
1, 20200225  17:02:00, 47.705, 47.685, 47.7, 47.705,
1, 20200225  17:03:00, 47.705, 47.68, 47.705, 47.68,
1, 20200225  17:04:00, 47.685, 47.68, 47.68, 47.68,
1, 20200225  17:05:00, 47.73, 47.68, 47.68, 47.685,
1, 20200225  17:06:00, 47.695, 47.685, 47.685, 47.695,
1, 20200225  17:07:00, 47.735, 47.695, 47.695, 47.72,
1, 20200225  17:08:00, 47.72, 47.72, 47.72, 47.72,
1, 20200225  17:09:00, 47.725, 47.715, 47.72, 47.715,
1, 20200225  17:10:00, 47.715, 47.715, 47.715, 47.715,
1, 20200225  17:11:00, 47.72, 47.71, 47.715, 47.71,
1, 20200225  17:12:00, 47.74, 47.71, 47.71, 47.74,
1, 20200225  17:13:00, 47.74, 47.72, 47.74, 47.725,
1, 20200225  17:14:00, 47.73, 47.725, 47.725, 47.73,
1, 20200225  17:15:00, 47.73, 47.68, 47.73, 47.68,
1, 20200225  17:16:00, 47.71, 47.68, 47.68, 47.71,
1, 20200225  17:17:00, 47.71, 47.71, 47.71, 47.71,
1, 20200225  17:18:00, 47.75, 47.705, 47.71, 47.725,
1, 20200225  17:19:00, 47.735, 47.72, 47.725, 47.72,
1, 20200225  17:20:00, 47.725, 47.685, 47.72, 47.71,
1, 20200225  17:21:00, 47.755, 47.705, 47.71, 47.72,
1, 20200225  17:22:00, 47.72, 47.69, 47.72, 47.7,
1, 20200225  17:23:00, 47.71, 47.695, 47.7, 47.71,
1, 20200225  17:24:00, 47.725, 47.71, 47.71, 47.725,
1, 20200225  17:25:00, 47.73, 47.68, 47.725, 47.68,
1, 20200225  17:26:00, 47.68, 47.67, 47.68, 47.67,
1, 20200225  17:27:00, 47.675, 47.66, 47.67, 47.675,
1, 20200225  17:28:00, 47.695, 47.655, 47.675, 47.675,
1, 20200225  17:29:00, 47.675, 47.625, 47.675, 47.625,
1, 20200225  17:30:00, 47.625, 47.625, 47.625, 47.625,
1, 20200225  17:31:00, 47.64, 47.615, 47.625, 47.64,
1, 20200225  17:32:00, 47.65, 47.635, 47.64, 47.65,
1, 20200225  17:33:00, 47.65, 47.645, 47.65, 47.645,
1, 20200225  17:34:00, 47.65, 47.645, 47.645, 47.65,
1, 20200225  17:35:00, 47.655, 47.65, 47.65, 47.65,
1, 20200225  17:36:00, 47.65, 47.645, 47.65, 47.645,
1, 20200225  17:37:00, 47.645, 47.635, 47.645, 47.635,
1, 20200225  17:38:00, 47.64, 47.63, 47.635, 47.635,
1, 20200225  17:39:00, 47.635, 47.625, 47.635, 47.625,
1, 20200225  17:40:00, 47.625, 47.585, 47.625, 47.585,
1, 20200225  17:41:00, 47.595, 47.545, 47.585, 47.57,
1, 20200225  17:42:00, 47.61, 47.57, 47.57, 47.61,
1, 20200225  17:43:00, 47.61, 47.61, 47.61, 47.61,
1, 20200225  17:44:00, 47.61, 47.605, 47.61, 47.605,
1, 20200225  17:45:00, 47.605, 47.605, 47.605, 47.605,
1, 20200225  17:46:00, 47.615, 47.605, 47.605, 47.615,
1, 20200225  17:47:00, 47.615, 47.615, 47.615, 47.615,
1, 20200225  17:48:00, 47.615, 47.575, 47.615, 47.575,
1, 20200225  17:49:00, 47.59, 47.565, 47.575, 47.565,
1, 20200225  17:50:00, 47.57, 47.56, 47.565, 47.565,
1, 20200225  17:51:00, 47.57, 47.565, 47.565, 47.565,
1, 20200225  17:52:00, 47.565, 47.55, 47.565, 47.56,
1, 20200225  17:53:00, 47.56, 47.56, 47.56, 47.56,
1, 20200225  17:54:00, 47.56, 47.545, 47.56, 47.545,
1, 20200225  17:55:00, 47.565, 47.545, 47.545, 47.565,
1, 20200225  17:56:00, 47.57, 47.565, 47.565, 47.57,
1, 20200225  17:57:00, 47.59, 47.57, 47.57, 47.58,
1, 20200225  17:58:00, 47.58, 47.58, 47.58, 47.58,
1, 20200225  17:59:00, 47.58, 47.58, 47.58, 47.58,
1, 20200225  18:00:00, 47.74, 47.58, 47.58, 47.705,
1, 20200225  18:01:00, 47.705, 47.66, 47.705, 47.665,
1, 20200225  18:02:00, 47.75, 47.665, 47.665, 47.74,
1, 20200225  18:03:00, 47.765, 47.725, 47.74, 47.74,
1, 20200225  18:04:00, 47.74, 47.69, 47.74, 47.69,
1, 20200225  18:05:00, 47.805, 47.685, 47.69, 47.805,
1, 20200225  18:06:00, 47.805, 47.805, 47.805, 47.805,
1, 20200225  18:07:00, 47.805, 47.805, 47.805, 47.805,
1, 20200225  18:08:00, 47.805, 47.805, 47.805, 47.805,
1, 20200225  18:09:00, 47.805, 47.705, 47.805, 47.735,
1, 20200225  18:10:00, 47.83, 47.735, 47.735, 47.785,
1, 20200225  18:11:00, 47.805, 47.775, 47.785, 47.785,
1, 20200225  18:12:00, 47.81, 47.775, 47.785, 47.81,
1, 20200225  18:13:00, 47.825, 47.81, 47.81, 47.825,
1, 20200225  18:14:00, 47.825, 47.825, 47.825, 47.825,
1, 20200225  18:15:00, 47.835, 47.825, 47.825, 47.835,
1, 20200225  18:16:00, 47.87, 47.835, 47.835, 47.835,
1, 20200225  18:17:00, 47.835, 47.825, 47.835, 47.825,
1, 20200225  18:18:00, 47.825, 47.815, 47.825, 47.825,
1, 20200225  18:19:00, 47.835, 47.82, 47.825, 47.835,
1, 20200225  18:20:00, 47.835, 47.835, 47.835, 47.835,
1, 20200225  18:21:00, 47.845, 47.835, 47.835, 47.845,
1, 20200225  18:22:00, 47.845, 47.825, 47.845, 47.825,
1, 20200225  18:23:00, 47.825, 47.79, 47.825, 47.8,
1, 20200225  18:24:00, 47.81, 47.8, 47.8, 47.81,
1, 20200225  18:25:00, 47.82, 47.805, 47.81, 47.82,
1, 20200225  18:26:00, 47.84, 47.82, 47.82, 47.835,
1, 20200225  18:27:00, 47.87, 47.835, 47.835, 47.87,
1, 20200225  18:28:00, 47.885, 47.87, 47.87, 47.885,
1, 20200225  18:29:00, 47.92, 47.88, 47.885, 47.92,
1, 20200225  18:30:00, 47.92, 47.875, 47.92, 47.9,
1, 20200225  18:31:00, 47.93, 47.9, 47.9, 47.92,
1, 20200225  18:32:00, 47.92, 47.91, 47.92, 47.91,
1, 20200225  18:33:00, 47.93, 47.91, 47.91, 47.925,
1, 20200225  18:34:00, 47.93, 47.925, 47.925, 47.925,
1, 20200225  18:35:00, 47.935, 47.91, 47.925, 47.91,
1, 20200225  18:36:00, 47.945, 47.91, 47.91, 47.94,
1, 20200225  18:37:00, 47.945, 47.925, 47.94, 47.925,
1, 20200225  18:38:00, 47.935, 47.925, 47.925, 47.925,
1, 20200225  18:39:00, 47.925, 47.905, 47.925, 47.905,
1, 20200225  18:40:00, 47.915, 47.905, 47.905, 47.915,
1, 20200225  18:41:00, 47.94, 47.915, 47.915, 47.94,
1, 20200225  18:42:00, 47.94, 47.935, 47.94, 47.935,
1, 20200225  18:43:00, 47.935, 47.92, 47.935, 47.92,
1, 20200225  18:44:00, 47.925, 47.92, 47.92, 47.925,
1, 20200225  18:45:00, 47.93, 47.915, 47.925, 47.93,
1, 20200225  18:46:00, 47.975, 47.925, 47.93, 47.975,
1, 20200225  18:47:00, 48.0, 47.965, 47.975, 48.0,
1, 20200225  18:48:00, 48.03, 47.995, 48.0, 48.03,
1, 20200225  18:49:00, 48.03, 48.01, 48.03, 48.015,
1, 20200225  18:50:00, 48.015, 48.005, 48.015, 48.01,
1, 20200225  18:51:00, 48.045, 48.01, 48.01, 48.045,
1, 20200225  18:52:00, 48.045, 48.045, 48.045, 48.045,
1, 20200225  18:53:00, 48.045, 48.035, 48.045, 48.04,
1, 20200225  18:54:00, 48.04, 48.035, 48.04, 48.04,
1, 20200225  18:55:00, 48.055, 48.04, 48.04, 48.04,
1, 20200225  18:56:00, 48.04, 48.01, 48.04, 48.01,
1, 20200225  18:57:00, 48.01, 48.005, 48.01, 48.005,
1, 20200225  18:58:00, 48.03, 47.995, 48.005, 48.03,
1, 20200225  18:59:00, 48.03, 48.025, 48.03, 48.025,
1, 20200225  19:00:00, 48.03, 48.025, 48.025, 48.03,
1, 20200225  19:01:00, 48.04, 48.025, 48.03, 48.03,
1, 20200225  19:02:00, 48.03, 48.02, 48.03, 48.02,
1, 20200225  19:03:00, 48.02, 47.995, 48.02, 47.995,
1, 20200225  19:04:00, 48.035, 47.99, 47.995, 48.035,
1, 20200225  19:05:00, 48.04, 48.0, 48.035, 48.035,
1, 20200225  19:06:00, 48.04, 48.005, 48.035, 48.04,
1, 20200225  19:07:00, 48.055, 48.035, 48.04, 48.055,
1, 20200225  19:08:00, 48.09, 48.045, 48.055, 48.065,
1, 20200225  19:09:00, 48.11, 48.065, 48.065, 48.11,
1, 20200225  19:10:00, 48.11, 48.09, 48.11, 48.09,
1, 20200225  19:11:00, 48.09, 48.07, 48.09, 48.07,
1, 20200225  19:12:00, 48.085, 47.985, 48.07, 47.985,
1, 20200225  19:13:00, 48.04, 47.985, 47.985, 48.04,
1, 20200225  19:14:00, 48.05, 48.005, 48.04, 48.005,
1, 20200225  19:15:00, 48.045, 48.005, 48.005, 48.045,
1, 20200225  19:16:00, 48.05, 48.005, 48.045, 48.045,
1, 20200225  19:17:00, 48.05, 48.005, 48.045, 48.025,
1, 20200225  19:18:00, 48.05, 48.025, 48.025, 48.05,
1, 20200225  19:19:00, 48.05, 47.975, 48.05, 47.975,
1, 20200225  19:20:00, 47.99, 47.955, 47.975, 47.97,
1, 20200225  19:21:00, 47.97, 47.955, 47.97, 47.965,
1, 20200225  19:22:00, 47.965, 47.965, 47.965, 47.965,
1, 20200225  19:23:00, 48.005, 47.95, 47.965, 48.005,
1, 20200225  19:24:00, 48.04, 48.005, 48.005, 48.015,
1, 20200225  19:25:00, 48.025, 48.015, 48.015, 48.015,
1, 20200225  19:26:00, 48.015, 48.005, 48.015, 48.015,
1, 20200225  19:27:00, 48.055, 48.015, 48.015, 48.045,
1, 20200225  19:28:00, 48.05, 48.045, 48.045, 48.05,
1, 20200225  19:29:00, 48.085, 48.05, 48.05, 48.085,
1, 20200225  19:30:00, 48.15, 48.085, 48.085, 48.13,
1, 20200225  19:31:00, 48.145, 48.125, 48.13, 48.145,
1, 20200225  19:32:00, 48.155, 48.14, 48.145, 48.155,
1, 20200225  19:33:00, 48.18, 48.155, 48.155, 48.175,
1, 20200225  19:34:00, 48.175, 48.14, 48.175, 48.14,
1, 20200225  19:35:00, 48.18, 48.135, 48.14, 48.17,
1, 20200225  19:36:00, 48.18, 48.135, 48.17, 48.155,
1, 20200225  19:37:00, 48.16, 48.155, 48.155, 48.16,
1, 20200225  19:38:00, 48.16, 48.125, 48.16, 48.125,
1, 20200225  19:39:00, 48.125, 48.05, 48.125, 48.06,
1, 20200225  19:40:00, 48.075, 48.05, 48.06, 48.065,
1, 20200225  19:41:00, 48.065, 48.055, 48.065, 48.06,
1, 20200225  19:42:00, 48.065, 48.06, 48.06, 48.065,
1, 20200225  19:43:00, 48.075, 48.065, 48.065, 48.075,
1, 20200225  19:44:00, 48.13, 48.075, 48.075, 48.075,
1, 20200225  19:45:00, 48.1, 48.07, 48.075, 48.07,
1, 20200225  19:46:00, 48.115, 48.055, 48.07, 48.11,
1, 20200225  19:47:00, 48.11, 48.075, 48.11, 48.095,
1, 20200225  19:48:00, 48.095, 48.075, 48.095, 48.095,
1, 20200225  19:49:00, 48.125, 48.085, 48.095, 48.125,
1, 20200225  19:50:00, 48.125, 48.11, 48.125, 48.12,
1, 20200225  19:51:00, 48.145, 48.12, 48.12, 48.145,
1, 20200225  19:52:00, 48.165, 48.105, 48.145, 48.105,
1, 20200225  19:53:00, 48.105, 48.095, 48.105, 48.095,
1, 20200225  19:54:00, 48.095, 48.05, 48.095, 48.05,
1, 20200225  19:55:00, 48.05, 47.925, 48.05, 47.925,
1, 20200225  19:56:00, 48.025, 47.925, 47.925, 47.99,
1, 20200225  19:57:00, 48.015, 47.93, 47.99, 48.005,
1, 20200225  19:58:00, 48.005, 47.905, 48.005, 47.905,
1, 20200225  19:59:00, 47.925, 47.825, 47.905, 47.825,
