1, 20200302  08:30:00, 276.23, 276.155, 276.155, 276.155, -1
1, 20200302  08:30:01, 276.19, 276.155, 276.155, 276.175, -1
1, 20200302  08:30:02, 276.36, 276.155, 276.175, 276.36, -1
1, 20200302  08:30:03, 276.36, 276.36, 276.36, 276.36, -1
1, 20200302  08:30:04, 276.36, 276.335, 276.36, 276.335, -1
1, 20200302  08:30:05, 276.335, 276.32, 276.335, 276.335, -1
1, 20200302  08:30:06, 276.335, 276.335, 276.335, 276.335, -1
1, 20200302  08:30:07, 276.335, 276.335, 276.335, 276.335, -1
1, 20200302  08:30:08, 276.335, 276.335, 276.335, 276.335, -1
1, 20200302  08:30:09, 276.335, 276.335, 276.335, 276.335, -1
1, 20200302  08:30:10, 276.335, 276.335, 276.335, 276.335, -1
1, 20200302  08:30:11, 276.35, 276.335, 276.335, 276.35, -1
1, 20200302  08:30:12, 276.35, 276.35, 276.35, 276.35, -1
1, 20200302  08:30:13, 276.35, 276.35, 276.35, 276.35, -1
1, 20200302  08:30:14, 276.35, 276.35, 276.35, 276.35, -1
1, 20200302  08:30:15, 276.355, 276.35, 276.35, 276.355, -1
1, 20200302  08:30:16, 276.355, 276.355, 276.355, 276.355, -1
1, 20200302  08:30:17, 276.355, 276.355, 276.355, 276.355, -1
1, 20200302  08:30:18, 276.355, 276.355, 276.355, 276.355, -1
1, 20200302  08:30:19, 276.355, 276.355, 276.355, 276.355, -1
1, 20200302  08:30:20, 276.355, 276.355, 276.355, 276.355, -1
1, 20200302  08:30:21, 276.355, 276.355, 276.355, 276.355, -1
1, 20200302  08:30:22, 276.355, 276.355, 276.355, 276.355, -1
1, 20200302  08:30:23, 276.355, 276.355, 276.355, 276.355, -1
1, 20200302  08:30:24, 276.355, 276.355, 276.355, 276.355, -1
1, 20200302  08:30:25, 276.355, 276.355, 276.355, 276.355, -1
1, 20200302  08:30:26, 276.355, 276.355, 276.355, 276.355, -1
1, 20200302  08:30:27, 276.355, 276.355, 276.355, 276.355, -1
1, 20200302  08:30:28, 276.355, 276.355, 276.355, 276.355, -1
1, 20200302  08:30:29, 276.355, 276.355, 276.355, 276.355, -1
1, 20200302  08:30:30, 276.355, 276.355, 276.355, 276.355, -1
1, 20200302  08:30:31, 276.355, 276.355, 276.355, 276.355, -1
1, 20200302  08:30:32, 276.355, 276.355, 276.355, 276.355, -1
1, 20200302  08:30:33, 276.355, 276.355, 276.355, 276.355, -1
1, 20200302  08:30:34, 276.355, 276.355, 276.355, 276.355, -1
1, 20200302  08:30:35, 276.355, 276.355, 276.355, 276.355, -1
1, 20200302  08:30:36, 276.355, 276.22, 276.355, 276.285, -1
1, 20200302  08:30:37, 276.285, 276.28, 276.285, 276.28, -1
1, 20200302  08:30:38, 276.28, 276.28, 276.28, 276.28, -1
1, 20200302  08:30:39, 276.28, 276.28, 276.28, 276.28, -1
1, 20200302  08:30:40, 276.28, 276.28, 276.28, 276.28, -1
1, 20200302  08:30:41, 276.28, 276.17, 276.28, 276.17, -1
1, 20200302  08:30:42, 276.17, 276.17, 276.17, 276.17, -1
1, 20200302  08:30:43, 276.17, 276.17, 276.17, 276.17, -1
1, 20200302  08:30:44, 276.17, 276.17, 276.17, 276.17, -1
1, 20200302  08:30:45, 276.17, 276.17, 276.17, 276.17, -1
1, 20200302  08:30:46, 276.17, 276.17, 276.17, 276.17, -1
1, 20200302  08:30:47, 276.17, 276.17, 276.17, 276.17, -1
1, 20200302  08:30:48, 276.17, 276.17, 276.17, 276.17, -1
1, 20200302  08:30:49, 276.17, 276.17, 276.17, 276.17, -1
1, 20200302  08:30:50, 276.17, 276.17, 276.17, 276.17, -1
1, 20200302  08:30:51, 276.17, 276.17, 276.17, 276.17, -1
1, 20200302  08:30:52, 276.17, 276.17, 276.17, 276.17, -1
1, 20200302  08:30:53, 276.265, 276.17, 276.17, 276.265, -1
1, 20200302  08:30:54, 276.375, 276.265, 276.265, 276.375, -1
1, 20200302  08:30:55, 276.375, 276.375, 276.375, 276.375, -1
1, 20200302  08:30:56, 276.375, 276.28, 276.375, 276.28, -1
1, 20200302  08:30:57, 276.28, 276.15, 276.28, 276.15, -1
1, 20200302  08:30:58, 276.15, 276.15, 276.15, 276.15, -1
1, 20200302  08:30:59, 276.15, 276.15, 276.15, 276.15, -1
1, 20200302  08:31:00, 276.15, 276.135, 276.15, 276.135, -1
1, 20200302  08:31:01, 276.15, 276.135, 276.135, 276.15, -1
1, 20200302  08:31:02, 276.15, 276.15, 276.15, 276.15, -1
1, 20200302  08:31:03, 276.15, 276.15, 276.15, 276.15, -1
1, 20200302  08:31:04, 276.15, 276.15, 276.15, 276.15, -1
1, 20200302  08:31:05, 276.25, 276.15, 276.15, 276.15, -1
1, 20200302  08:31:06, 276.155, 276.15, 276.15, 276.155, -1
1, 20200302  08:31:07, 276.155, 276.155, 276.155, 276.155, -1
1, 20200302  08:31:08, 276.155, 276.13, 276.155, 276.13, -1
1, 20200302  08:31:09, 276.13, 276.13, 276.13, 276.13, -1
1, 20200302  08:31:10, 276.13, 276.13, 276.13, 276.13, -1
1, 20200302  08:31:11, 276.13, 276.13, 276.13, 276.13, -1
1, 20200302  08:31:12, 276.13, 276.125, 276.13, 276.125, -1
1, 20200302  08:31:13, 276.125, 276.125, 276.125, 276.125, -1
1, 20200302  08:31:14, 276.125, 276.125, 276.125, 276.125, -1
1, 20200302  08:31:15, 276.125, 276.125, 276.125, 276.125, -1
1, 20200302  08:31:16, 276.125, 276.125, 276.125, 276.125, -1
1, 20200302  08:31:17, 276.125, 276.125, 276.125, 276.125, -1
1, 20200302  08:31:18, 276.125, 276.125, 276.125, 276.125, -1
1, 20200302  08:31:19, 276.125, 276.125, 276.125, 276.125, -1
1, 20200302  08:31:20, 276.125, 276.125, 276.125, 276.125, -1
1, 20200302  08:31:21, 276.125, 276.125, 276.125, 276.125, -1
1, 20200302  08:31:22, 276.125, 276.125, 276.125, 276.125, -1
1, 20200302  08:31:23, 276.125, 276.125, 276.125, 276.125, -1
1, 20200302  08:31:24, 276.125, 276.125, 276.125, 276.125, -1
1, 20200302  08:31:25, 276.125, 276.125, 276.125, 276.125, -1
1, 20200302  08:31:26, 276.125, 276.125, 276.125, 276.125, -1
1, 20200302  08:31:27, 276.125, 276.125, 276.125, 276.125, -1
1, 20200302  08:31:28, 276.13, 276.125, 276.125, 276.13, -1
1, 20200302  08:31:29, 276.13, 276.13, 276.13, 276.13, -1
1, 20200302  08:31:30, 276.14, 276.13, 276.13, 276.13, -1
1, 20200302  08:31:31, 276.225, 276.13, 276.13, 276.225, -1
1, 20200302  08:31:32, 276.225, 276.225, 276.225, 276.225, -1
1, 20200302  08:31:33, 276.28, 276.155, 276.225, 276.155, -1
1, 20200302  08:31:34, 276.16, 276.155, 276.155, 276.16, -1
1, 20200302  08:31:35, 276.16, 276.16, 276.16, 276.16, -1
1, 20200302  08:31:36, 276.16, 276.155, 276.16, 276.16, -1
1, 20200302  08:31:37, 276.16, 276.16, 276.16, 276.16, -1
1, 20200302  08:31:38, 276.16, 276.16, 276.16, 276.16, -1
1, 20200302  08:31:39, 276.165, 276.16, 276.16, 276.165, -1
1, 20200302  08:31:40, 276.165, 276.165, 276.165, 276.165, -1
1, 20200302  08:31:41, 276.165, 276.165, 276.165, 276.165, -1
1, 20200302  08:31:42, 276.165, 276.165, 276.165, 276.165, -1
1, 20200302  08:31:43, 276.165, 276.165, 276.165, 276.165, -1
1, 20200302  08:31:44, 276.165, 276.165, 276.165, 276.165, -1
1, 20200302  08:31:45, 276.165, 276.165, 276.165, 276.165, -1
1, 20200302  08:31:46, 276.165, 276.165, 276.165, 276.165, -1
1, 20200302  08:31:47, 276.165, 276.165, 276.165, 276.165, -1
1, 20200302  08:31:48, 276.165, 276.165, 276.165, 276.165, -1
1, 20200302  08:31:49, 276.165, 276.165, 276.165, 276.165, -1
1, 20200302  08:31:50, 276.165, 276.165, 276.165, 276.165, -1
1, 20200302  08:31:51, 276.165, 276.165, 276.165, 276.165, -1
1, 20200302  08:31:52, 276.17, 276.165, 276.165, 276.17, -1
1, 20200302  08:31:53, 276.17, 276.17, 276.17, 276.17, -1
1, 20200302  08:31:54, 276.17, 276.17, 276.17, 276.17, -1
1, 20200302  08:31:55, 276.17, 276.17, 276.17, 276.17, -1
1, 20200302  08:31:56, 276.17, 276.17, 276.17, 276.17, -1
1, 20200302  08:31:57, 276.17, 276.17, 276.17, 276.17, -1
1, 20200302  08:31:58, 276.17, 276.17, 276.17, 276.17, -1
1, 20200302  08:31:59, 276.17, 276.17, 276.17, 276.17, -1
1, 20200302  08:32:00, 276.17, 276.17, 276.17, 276.17, -1
1, 20200302  08:32:01, 276.17, 276.17, 276.17, 276.17, -1
1, 20200302  08:32:02, 276.17, 276.17, 276.17, 276.17, -1
1, 20200302  08:32:03, 276.17, 276.17, 276.17, 276.17, -1
1, 20200302  08:32:04, 276.17, 276.17, 276.17, 276.17, -1
1, 20200302  08:32:05, 276.235, 276.17, 276.17, 276.235, -1
1, 20200302  08:32:06, 276.235, 276.235, 276.235, 276.235, -1
1, 20200302  08:32:07, 276.235, 276.235, 276.235, 276.235, -1
1, 20200302  08:32:08, 276.235, 276.235, 276.235, 276.235, -1
1, 20200302  08:32:09, 276.235, 276.235, 276.235, 276.235, -1
1, 20200302  08:32:10, 276.235, 276.235, 276.235, 276.235, -1
1, 20200302  08:32:11, 276.235, 276.235, 276.235, 276.235, -1
1, 20200302  08:32:12, 276.235, 276.235, 276.235, 276.235, -1
1, 20200302  08:32:13, 276.235, 276.175, 276.235, 276.18, -1
1, 20200302  08:32:14, 276.18, 276.18, 276.18, 276.18, -1
1, 20200302  08:32:15, 276.18, 276.18, 276.18, 276.18, -1
1, 20200302  08:32:16, 276.305, 276.18, 276.18, 276.18, -1
1, 20200302  08:32:17, 276.18, 276.18, 276.18, 276.18, -1
1, 20200302  08:32:18, 276.18, 276.18, 276.18, 276.18, -1
1, 20200302  08:32:19, 276.18, 276.18, 276.18, 276.18, -1
1, 20200302  08:32:20, 276.18, 276.18, 276.18, 276.18, -1
1, 20200302  08:32:21, 276.18, 276.18, 276.18, 276.18, -1
1, 20200302  08:32:22, 276.18, 276.18, 276.18, 276.18, -1
1, 20200302  08:32:23, 276.18, 276.18, 276.18, 276.18, -1
1, 20200302  08:32:24, 276.18, 276.18, 276.18, 276.18, -1
1, 20200302  08:32:25, 276.18, 276.18, 276.18, 276.18, -1
1, 20200302  08:32:26, 276.18, 276.18, 276.18, 276.18, -1
1, 20200302  08:32:27, 276.18, 276.18, 276.18, 276.18, -1
1, 20200302  08:32:28, 276.18, 276.18, 276.18, 276.18, -1
1, 20200302  08:32:29, 276.18, 276.18, 276.18, 276.18, -1
1, 20200302  08:32:30, 276.18, 276.18, 276.18, 276.18, -1
1, 20200302  08:32:31, 276.305, 276.18, 276.18, 276.305, -1
1, 20200302  08:32:32, 276.305, 276.305, 276.305, 276.305, -1
1, 20200302  08:32:33, 276.305, 276.305, 276.305, 276.305, -1
1, 20200302  08:32:34, 276.305, 276.305, 276.305, 276.305, -1
1, 20200302  08:32:35, 276.305, 276.305, 276.305, 276.305, -1
1, 20200302  08:32:36, 276.305, 276.305, 276.305, 276.305, -1
1, 20200302  08:32:37, 276.305, 276.305, 276.305, 276.305, -1
1, 20200302  08:32:38, 276.305, 276.305, 276.305, 276.305, -1
1, 20200302  08:32:39, 276.305, 276.305, 276.305, 276.305, -1
1, 20200302  08:32:40, 276.305, 276.305, 276.305, 276.305, -1
1, 20200302  08:32:41, 276.31, 276.305, 276.305, 276.31, -1
1, 20200302  08:32:42, 276.31, 276.31, 276.31, 276.31, -1
1, 20200302  08:32:43, 276.31, 276.305, 276.31, 276.305, -1
1, 20200302  08:32:44, 276.305, 276.305, 276.305, 276.305, -1
1, 20200302  08:32:45, 276.305, 276.305, 276.305, 276.305, -1
1, 20200302  08:32:46, 276.34, 276.305, 276.305, 276.34, -1
1, 20200302  08:32:47, 276.34, 276.34, 276.34, 276.34, -1
1, 20200302  08:32:48, 276.34, 276.34, 276.34, 276.34, -1
1, 20200302  08:32:49, 276.34, 276.34, 276.34, 276.34, -1
1, 20200302  08:32:50, 276.34, 276.34, 276.34, 276.34, -1
1, 20200302  08:32:51, 276.34, 276.34, 276.34, 276.34, -1
1, 20200302  08:32:52, 276.34, 276.34, 276.34, 276.34, -1
1, 20200302  08:32:53, 276.34, 276.34, 276.34, 276.34, -1
1, 20200302  08:32:54, 276.34, 276.34, 276.34, 276.34, -1
1, 20200302  08:32:55, 276.34, 276.34, 276.34, 276.34, -1
1, 20200302  08:32:56, 276.34, 276.34, 276.34, 276.34, -1
1, 20200302  08:32:57, 276.34, 276.34, 276.34, 276.34, -1
1, 20200302  08:32:58, 276.34, 276.34, 276.34, 276.34, -1
1, 20200302  08:32:59, 276.34, 276.34, 276.34, 276.34, -1
1, 20200302  08:33:00, 276.34, 276.34, 276.34, 276.34, -1
1, 20200302  08:33:01, 276.34, 276.34, 276.34, 276.34, -1
1, 20200302  08:33:02, 276.34, 276.34, 276.34, 276.34, -1
1, 20200302  08:33:03, 276.35, 276.34, 276.34, 276.35, -1
1, 20200302  08:33:04, 276.35, 276.35, 276.35, 276.35, -1
1, 20200302  08:33:05, 276.35, 276.35, 276.35, 276.35, -1
1, 20200302  08:33:06, 276.35, 276.35, 276.35, 276.35, -1
1, 20200302  08:33:07, 276.35, 276.35, 276.35, 276.35, -1
1, 20200302  08:33:08, 276.35, 276.35, 276.35, 276.35, -1
1, 20200302  08:33:09, 276.35, 276.35, 276.35, 276.35, -1
1, 20200302  08:33:10, 276.35, 276.35, 276.35, 276.35, -1
1, 20200302  08:33:11, 276.355, 276.35, 276.35, 276.355, -1
1, 20200302  08:33:12, 276.355, 276.355, 276.355, 276.355, -1
1, 20200302  08:33:13, 276.355, 276.355, 276.355, 276.355, -1
1, 20200302  08:33:14, 276.355, 276.305, 276.355, 276.305, -1
1, 20200302  08:33:15, 276.305, 276.305, 276.305, 276.305, -1
1, 20200302  08:33:16, 276.305, 276.305, 276.305, 276.305, -1
1, 20200302  08:33:17, 276.305, 276.305, 276.305, 276.305, -1
1, 20200302  08:33:18, 276.305, 276.305, 276.305, 276.305, -1
1, 20200302  08:33:19, 276.305, 276.305, 276.305, 276.305, -1
1, 20200302  08:33:20, 276.305, 276.305, 276.305, 276.305, -1
1, 20200302  08:33:21, 276.305, 276.3, 276.305, 276.3, -1
1, 20200302  08:33:22, 276.3, 276.3, 276.3, 276.3, -1
1, 20200302  08:33:23, 276.3, 276.3, 276.3, 276.3, -1
1, 20200302  08:33:24, 276.3, 276.3, 276.3, 276.3, -1
1, 20200302  08:33:25, 276.3, 276.3, 276.3, 276.3, -1
1, 20200302  08:33:26, 276.3, 276.3, 276.3, 276.3, -1
1, 20200302  08:33:27, 276.31, 276.3, 276.3, 276.3, -1
1, 20200302  08:33:28, 276.3, 276.3, 276.3, 276.3, -1
1, 20200302  08:33:29, 276.3, 276.3, 276.3, 276.3, -1
1, 20200302  08:33:30, 276.33, 276.3, 276.3, 276.33, -1
1, 20200302  08:33:31, 276.33, 276.285, 276.33, 276.3, -1
1, 20200302  08:33:32, 276.3, 276.165, 276.3, 276.165, -1
1, 20200302  08:33:33, 276.275, 276.115, 276.165, 276.13, -1
1, 20200302  08:33:34, 276.13, 276.13, 276.13, 276.13, -1
1, 20200302  08:33:35, 276.13, 276.13, 276.13, 276.13, -1
1, 20200302  08:33:36, 276.24, 276.13, 276.13, 276.24, -1
1, 20200302  08:33:37, 276.245, 276.24, 276.24, 276.245, -1
1, 20200302  08:33:38, 276.245, 276.245, 276.245, 276.245, -1
1, 20200302  08:33:39, 276.245, 276.245, 276.245, 276.245, -1
1, 20200302  08:33:40, 276.245, 276.245, 276.245, 276.245, -1
1, 20200302  08:33:41, 276.245, 276.215, 276.245, 276.22, -1
1, 20200302  08:33:42, 276.22, 276.22, 276.22, 276.22, -1
1, 20200302  08:33:43, 276.58, 276.22, 276.22, 276.545, -1
1, 20200302  08:33:44, 276.545, 276.545, 276.545, 276.545, -1
1, 20200302  08:33:45, 276.545, 276.545, 276.545, 276.545, -1
1, 20200302  08:33:46, 276.545, 276.545, 276.545, 276.545, -1
1, 20200302  08:33:47, 276.545, 276.545, 276.545, 276.545, -1
1, 20200302  08:33:48, 276.545, 276.545, 276.545, 276.545, -1
1, 20200302  08:33:49, 276.545, 276.545, 276.545, 276.545, -1
1, 20200302  08:33:50, 276.545, 276.54, 276.545, 276.54, -1
1, 20200302  08:33:51, 276.54, 276.52, 276.54, 276.52, -1
1, 20200302  08:33:52, 276.525, 276.52, 276.52, 276.525, -1
1, 20200302  08:33:53, 276.525, 276.5, 276.525, 276.5, -1
1, 20200302  08:33:54, 276.5, 276.45, 276.5, 276.45, -1
1, 20200302  08:33:55, 276.495, 276.45, 276.45, 276.495, -1
1, 20200302  08:33:56, 276.625, 276.495, 276.495, 276.625, -1
1, 20200302  08:33:57, 276.63, 276.625, 276.625, 276.625, -1
1, 20200302  08:33:58, 276.625, 276.625, 276.625, 276.625, -1
1, 20200302  08:33:59, 276.625, 276.625, 276.625, 276.625, -1
1, 20200302  08:34:00, 276.625, 276.625, 276.625, 276.625, -1
1, 20200302  08:34:01, 276.625, 276.625, 276.625, 276.625, -1
1, 20200302  08:34:02, 276.625, 276.625, 276.625, 276.625, -1
1, 20200302  08:34:03, 276.77, 276.625, 276.625, 276.69, -1
1, 20200302  08:34:04, 276.69, 276.69, 276.69, 276.69, -1
1, 20200302  08:34:05, 276.69, 276.69, 276.69, 276.69, -1
1, 20200302  08:34:06, 276.69, 276.69, 276.69, 276.69, -1
1, 20200302  08:34:07, 276.69, 276.69, 276.69, 276.69, -1
1, 20200302  08:34:08, 276.76, 276.69, 276.69, 276.76, -1
1, 20200302  08:34:09, 276.76, 276.76, 276.76, 276.76, -1
1, 20200302  08:34:10, 276.76, 276.76, 276.76, 276.76, -1
1, 20200302  08:34:11, 276.81, 276.76, 276.76, 276.81, -1
1, 20200302  08:34:12, 276.81, 276.81, 276.81, 276.81, -1
1, 20200302  08:34:13, 276.81, 276.81, 276.81, 276.81, -1
1, 20200302  08:34:14, 276.855, 276.81, 276.81, 276.81, -1
1, 20200302  08:34:15, 276.81, 276.81, 276.81, 276.81, -1
1, 20200302  08:34:16, 277.005, 276.81, 276.81, 276.95, -1
1, 20200302  08:34:17, 276.95, 276.95, 276.95, 276.95, -1
1, 20200302  08:34:18, 276.95, 276.95, 276.95, 276.95, -1
1, 20200302  08:34:19, 276.95, 276.95, 276.95, 276.95, -1
1, 20200302  08:34:20, 276.95, 276.95, 276.95, 276.95, -1
1, 20200302  08:34:21, 276.95, 276.95, 276.95, 276.95, -1
1, 20200302  08:34:22, 276.95, 276.95, 276.95, 276.95, -1
1, 20200302  08:34:23, 276.95, 276.95, 276.95, 276.95, -1
1, 20200302  08:34:24, 276.95, 276.95, 276.95, 276.95, -1
1, 20200302  08:34:25, 276.95, 276.95, 276.95, 276.95, -1
1, 20200302  08:34:26, 276.95, 276.95, 276.95, 276.95, -1
1, 20200302  08:34:27, 276.95, 276.95, 276.95, 276.95, -1
1, 20200302  08:34:28, 276.95, 276.95, 276.95, 276.95, -1
1, 20200302  08:34:29, 276.955, 276.95, 276.95, 276.955, -1
1, 20200302  08:34:30, 276.955, 276.955, 276.955, 276.955, -1
1, 20200302  08:34:31, 276.955, 276.955, 276.955, 276.955, -1
1, 20200302  08:34:32, 276.955, 276.955, 276.955, 276.955, -1
1, 20200302  08:34:33, 276.98, 276.935, 276.955, 276.98, -1
1, 20200302  08:34:34, 276.98, 276.975, 276.98, 276.975, -1
1, 20200302  08:34:35, 276.975, 276.975, 276.975, 276.975, -1
1, 20200302  08:34:36, 276.975, 276.975, 276.975, 276.975, -1
1, 20200302  08:34:37, 276.98, 276.975, 276.975, 276.98, -1
1, 20200302  08:34:38, 276.98, 276.98, 276.98, 276.98, -1
1, 20200302  08:34:39, 276.98, 276.98, 276.98, 276.98, -1
1, 20200302  08:34:40, 276.98, 276.98, 276.98, 276.98, -1
1, 20200302  08:34:41, 276.98, 276.98, 276.98, 276.98, -1
1, 20200302  08:34:42, 276.98, 276.93, 276.98, 276.95, -1
1, 20200302  08:34:43, 276.98, 276.95, 276.95, 276.98, -1
1, 20200302  08:34:44, 276.98, 276.98, 276.98, 276.98, -1
1, 20200302  08:34:45, 277.13, 276.98, 276.98, 277.13, -1
1, 20200302  08:34:46, 277.13, 277.13, 277.13, 277.13, -1
1, 20200302  08:34:47, 277.13, 277.13, 277.13, 277.13, -1
1, 20200302  08:34:48, 277.13, 277.12, 277.13, 277.12, -1
1, 20200302  08:34:49, 277.12, 277.12, 277.12, 277.12, -1
1, 20200302  08:34:50, 277.25, 277.12, 277.12, 277.25, -1
1, 20200302  08:34:51, 277.255, 277.13, 277.25, 277.13, -1
1, 20200302  08:34:52, 277.18, 277.13, 277.13, 277.15, -1
1, 20200302  08:34:53, 277.15, 277.15, 277.15, 277.15, -1
1, 20200302  08:34:54, 277.15, 277.15, 277.15, 277.15, -1
1, 20200302  08:34:55, 277.15, 277.15, 277.15, 277.15, -1
1, 20200302  08:34:56, 277.15, 277.145, 277.15, 277.15, -1
1, 20200302  08:34:57, 277.15, 276.955, 277.15, 276.955, -1
1, 20200302  08:34:58, 276.955, 276.955, 276.955, 276.955, -1
1, 20200302  08:34:59, 276.955, 276.955, 276.955, 276.955, -1
1, 20200302  08:35:00, 276.955, 276.955, 276.955, 276.955, -1
1, 20200302  08:35:01, 277.025, 276.955, 276.955, 277.025, -1
1, 20200302  08:35:02, 277.15, 277.025, 277.025, 277.15, -1
1, 20200302  08:35:03, 277.15, 277.15, 277.15, 277.15, -1
1, 20200302  08:35:04, 277.15, 277.15, 277.15, 277.15, -1
1, 20200302  08:35:05, 277.15, 277.15, 277.15, 277.15, -1
1, 20200302  08:35:06, 277.15, 277.025, 277.15, 277.025, -1
1, 20200302  08:35:07, 277.5, 277.025, 277.025, 277.5, -1
1, 20200302  08:35:08, 277.5, 277.5, 277.5, 277.5, -1
1, 20200302  08:35:09, 277.5, 277.225, 277.5, 277.35, -1
1, 20200302  08:35:10, 277.35, 277.35, 277.35, 277.35, -1
1, 20200302  08:35:11, 277.35, 277.16, 277.35, 277.16, -1
1, 20200302  08:35:12, 277.35, 277.16, 277.16, 277.35, -1
1, 20200302  08:35:13, 277.35, 277.35, 277.35, 277.35, -1
1, 20200302  08:35:14, 277.35, 277.35, 277.35, 277.35, -1
1, 20200302  08:35:15, 277.45, 277.35, 277.35, 277.45, -1
1, 20200302  08:35:16, 277.45, 277.45, 277.45, 277.45, -1
1, 20200302  08:35:17, 277.45, 277.45, 277.45, 277.45, -1
1, 20200302  08:35:18, 277.45, 277.355, 277.45, 277.45, -1
1, 20200302  08:35:19, 277.45, 277.355, 277.45, 277.45, -1
1, 20200302  08:35:20, 277.45, 277.13, 277.45, 277.225, -1
1, 20200302  08:35:21, 277.225, 277.225, 277.225, 277.225, -1
1, 20200302  08:35:22, 277.225, 277.225, 277.225, 277.225, -1
1, 20200302  08:35:23, 277.225, 277.225, 277.225, 277.225, -1
1, 20200302  08:35:24, 277.225, 277.225, 277.225, 277.225, -1
1, 20200302  08:35:25, 277.225, 277.225, 277.225, 277.225, -1
1, 20200302  08:35:26, 277.225, 277.225, 277.225, 277.225, -1
1, 20200302  08:35:27, 277.225, 277.225, 277.225, 277.225, -1
1, 20200302  08:35:28, 277.225, 277.2, 277.225, 277.2, -1
1, 20200302  08:35:29, 277.2, 277.2, 277.2, 277.2, -1
1, 20200302  08:35:30, 277.2, 277.2, 277.2, 277.2, -1
1, 20200302  08:35:31, 277.2, 277.2, 277.2, 277.2, -1
1, 20200302  08:35:32, 277.2, 277.2, 277.2, 277.2, -1
1, 20200302  08:35:33, 277.2, 277.2, 277.2, 277.2, -1
1, 20200302  08:35:34, 277.2, 277.2, 277.2, 277.2, -1
1, 20200302  08:35:35, 277.2, 277.2, 277.2, 277.2, -1
1, 20200302  08:35:36, 277.2, 277.2, 277.2, 277.2, -1
1, 20200302  08:35:37, 277.2, 277.2, 277.2, 277.2, -1
1, 20200302  08:35:38, 277.2, 277.2, 277.2, 277.2, -1
1, 20200302  08:35:39, 277.2, 277.2, 277.2, 277.2, -1
1, 20200302  08:35:40, 277.395, 277.2, 277.2, 277.395, -1
1, 20200302  08:35:41, 277.395, 277.27, 277.395, 277.27, -1
1, 20200302  08:35:42, 277.27, 277.27, 277.27, 277.27, -1
1, 20200302  08:35:43, 277.27, 277.27, 277.27, 277.27, -1
1, 20200302  08:35:44, 277.27, 277.27, 277.27, 277.27, -1
1, 20200302  08:35:45, 277.27, 277.075, 277.27, 277.075, -1
1, 20200302  08:35:46, 277.075, 277.075, 277.075, 277.075, -1
1, 20200302  08:35:47, 277.075, 277.075, 277.075, 277.075, -1
1, 20200302  08:35:48, 277.075, 277.075, 277.075, 277.075, -1
1, 20200302  08:35:49, 277.075, 277.075, 277.075, 277.075, -1
1, 20200302  08:35:50, 277.075, 277.075, 277.075, 277.075, -1
1, 20200302  08:35:51, 277.075, 277.075, 277.075, 277.075, -1
1, 20200302  08:35:52, 277.155, 277.075, 277.075, 277.155, -1
1, 20200302  08:35:53, 277.155, 277.155, 277.155, 277.155, -1
1, 20200302  08:35:54, 277.155, 277.155, 277.155, 277.155, -1
1, 20200302  08:35:55, 277.155, 277.155, 277.155, 277.155, -1
1, 20200302  08:35:56, 277.275, 277.155, 277.155, 277.275, -1
1, 20200302  08:35:57, 277.275, 277.275, 277.275, 277.275, -1
1, 20200302  08:35:58, 277.275, 277.275, 277.275, 277.275, -1
1, 20200302  08:35:59, 277.275, 277.275, 277.275, 277.275, -1
1, 20200302  08:36:00, 277.275, 277.275, 277.275, 277.275, -1
1, 20200302  08:36:01, 277.275, 277.275, 277.275, 277.275, -1
1, 20200302  08:36:02, 277.275, 277.2, 277.275, 277.215, -1
1, 20200302  08:36:03, 277.215, 277.215, 277.215, 277.215, -1
1, 20200302  08:36:04, 277.215, 277.215, 277.215, 277.215, -1
1, 20200302  08:36:05, 277.215, 277.215, 277.215, 277.215, -1
1, 20200302  08:36:06, 277.215, 277.215, 277.215, 277.215, -1
1, 20200302  08:36:07, 277.215, 277.2, 277.215, 277.2, -1
1, 20200302  08:36:08, 277.2, 277.125, 277.2, 277.125, -1
1, 20200302  08:36:09, 277.125, 277.125, 277.125, 277.125, -1
1, 20200302  08:36:10, 277.125, 277.08, 277.125, 277.08, -1
1, 20200302  08:36:11, 277.33, 277.08, 277.08, 277.33, -1
1, 20200302  08:36:12, 277.33, 277.33, 277.33, 277.33, -1
1, 20200302  08:36:13, 277.33, 277.155, 277.33, 277.2, -1
1, 20200302  08:36:14, 277.2, 277.2, 277.2, 277.2, -1
1, 20200302  08:36:15, 277.2, 277.2, 277.2, 277.2, -1
1, 20200302  08:36:16, 277.2, 277.2, 277.2, 277.2, -1
1, 20200302  08:36:17, 277.2, 277.2, 277.2, 277.2, -1
1, 20200302  08:36:18, 277.465, 277.2, 277.2, 277.325, -1
1, 20200302  08:36:19, 277.34, 277.325, 277.325, 277.34, -1
1, 20200302  08:36:20, 277.6, 277.34, 277.34, 277.6, -1
1, 20200302  08:36:21, 277.6, 277.6, 277.6, 277.6, -1
1, 20200302  08:36:22, 277.6, 277.6, 277.6, 277.6, -1
1, 20200302  08:36:23, 277.6, 277.425, 277.6, 277.425, -1
1, 20200302  08:36:24, 277.425, 277.425, 277.425, 277.425, -1
1, 20200302  08:36:25, 277.425, 277.425, 277.425, 277.425, -1
1, 20200302  08:36:26, 277.425, 277.425, 277.425, 277.425, -1
1, 20200302  08:36:27, 277.425, 277.405, 277.425, 277.425, -1
1, 20200302  08:36:28, 277.425, 277.425, 277.425, 277.425, -1
1, 20200302  08:36:29, 277.425, 277.425, 277.425, 277.425, -1
1, 20200302  08:36:30, 277.425, 277.345, 277.425, 277.425, -1
1, 20200302  08:36:31, 277.425, 277.425, 277.425, 277.425, -1
1, 20200302  08:36:32, 277.425, 277.425, 277.425, 277.425, -1
1, 20200302  08:36:33, 277.425, 277.425, 277.425, 277.425, -1
1, 20200302  08:36:34, 277.425, 277.425, 277.425, 277.425, -1
1, 20200302  08:36:35, 277.425, 277.425, 277.425, 277.425, -1
1, 20200302  08:36:36, 277.425, 277.425, 277.425, 277.425, -1
1, 20200302  08:36:37, 277.43, 277.425, 277.425, 277.43, -1
1, 20200302  08:36:38, 277.43, 277.33, 277.43, 277.33, -1
1, 20200302  08:36:39, 277.33, 277.33, 277.33, 277.33, -1
1, 20200302  08:36:40, 277.33, 277.33, 277.33, 277.33, -1
1, 20200302  08:36:41, 277.33, 277.33, 277.33, 277.33, -1
1, 20200302  08:36:42, 277.33, 277.33, 277.33, 277.33, -1
1, 20200302  08:36:43, 277.33, 277.33, 277.33, 277.33, -1
1, 20200302  08:36:44, 277.33, 277.33, 277.33, 277.33, -1
1, 20200302  08:36:45, 277.33, 277.23, 277.33, 277.23, -1
1, 20200302  08:36:46, 277.23, 277.23, 277.23, 277.23, -1
1, 20200302  08:36:47, 277.23, 277.23, 277.23, 277.23, -1
1, 20200302  08:36:48, 277.23, 277.23, 277.23, 277.23, -1
1, 20200302  08:36:49, 277.23, 277.23, 277.23, 277.23, -1
1, 20200302  08:36:50, 277.23, 277.205, 277.23, 277.22, -1
1, 20200302  08:36:51, 277.22, 277.22, 277.22, 277.22, -1
1, 20200302  08:36:52, 277.22, 277.22, 277.22, 277.22, -1
1, 20200302  08:36:53, 277.22, 277.22, 277.22, 277.22, -1
1, 20200302  08:36:54, 277.22, 277.1, 277.22, 277.145, -1
1, 20200302  08:36:55, 277.145, 276.9, 277.145, 276.9, -1
1, 20200302  08:36:56, 276.9, 276.9, 276.9, 276.9, -1
1, 20200302  08:36:57, 276.9, 276.9, 276.9, 276.9, -1
1, 20200302  08:36:58, 276.9, 276.895, 276.9, 276.895, -1
1, 20200302  08:36:59, 276.895, 276.895, 276.895, 276.895, -1
1, 20200302  08:37:00, 276.895, 276.895, 276.895, 276.895, -1
1, 20200302  08:37:01, 276.895, 276.895, 276.895, 276.895, -1
1, 20200302  08:37:02, 276.895, 276.895, 276.895, 276.895, -1
1, 20200302  08:37:03, 276.895, 276.895, 276.895, 276.895, -1
1, 20200302  08:37:04, 276.895, 276.895, 276.895, 276.895, -1
1, 20200302  08:37:05, 276.895, 276.895, 276.895, 276.895, -1
1, 20200302  08:37:06, 276.895, 276.895, 276.895, 276.895, -1
1, 20200302  08:37:07, 276.92, 276.895, 276.895, 276.92, -1
1, 20200302  08:37:08, 276.92, 276.92, 276.92, 276.92, -1
1, 20200302  08:37:09, 276.92, 276.88, 276.92, 276.895, -1
1, 20200302  08:37:10, 276.895, 276.825, 276.895, 276.895, -1
1, 20200302  08:37:11, 276.895, 276.825, 276.895, 276.825, -1
1, 20200302  08:37:12, 276.825, 276.8, 276.825, 276.8, -1
1, 20200302  08:37:13, 276.87, 276.8, 276.8, 276.87, -1
1, 20200302  08:37:14, 276.87, 276.87, 276.87, 276.87, -1
1, 20200302  08:37:15, 276.87, 276.87, 276.87, 276.87, -1
1, 20200302  08:37:16, 276.875, 276.87, 276.87, 276.875, -1
1, 20200302  08:37:17, 276.875, 276.875, 276.875, 276.875, -1
1, 20200302  08:37:18, 276.875, 276.875, 276.875, 276.875, -1
1, 20200302  08:37:19, 276.875, 276.875, 276.875, 276.875, -1
1, 20200302  08:37:20, 276.875, 276.875, 276.875, 276.875, -1
1, 20200302  08:37:21, 276.895, 276.87, 276.875, 276.895, -1
1, 20200302  08:37:22, 276.895, 276.895, 276.895, 276.895, -1
1, 20200302  08:37:23, 276.895, 276.895, 276.895, 276.895, -1
1, 20200302  08:37:24, 276.895, 276.895, 276.895, 276.895, -1
1, 20200302  08:37:25, 276.92, 276.895, 276.895, 276.92, -1
1, 20200302  08:37:26, 276.92, 276.92, 276.92, 276.92, -1
1, 20200302  08:37:27, 276.92, 276.92, 276.92, 276.92, -1
1, 20200302  08:37:28, 276.92, 276.92, 276.92, 276.92, -1
1, 20200302  08:37:29, 276.92, 276.92, 276.92, 276.92, -1
1, 20200302  08:37:30, 277.145, 276.92, 276.92, 277.145, -1
1, 20200302  08:37:31, 277.145, 277.145, 277.145, 277.145, -1
1, 20200302  08:37:32, 277.145, 277.145, 277.145, 277.145, -1
1, 20200302  08:37:33, 277.145, 277.145, 277.145, 277.145, -1
1, 20200302  08:37:34, 277.15, 277.145, 277.145, 277.145, -1
1, 20200302  08:37:35, 277.245, 277.145, 277.145, 277.245, -1
1, 20200302  08:37:36, 277.245, 277.245, 277.245, 277.245, -1
1, 20200302  08:37:37, 277.245, 277.05, 277.245, 277.05, -1
1, 20200302  08:37:38, 277.05, 277.05, 277.05, 277.05, -1
1, 20200302  08:37:39, 277.05, 277.05, 277.05, 277.05, -1
1, 20200302  08:37:40, 277.05, 277.05, 277.05, 277.05, -1
1, 20200302  08:37:41, 277.05, 277.05, 277.05, 277.05, -1
1, 20200302  08:37:42, 277.05, 277.05, 277.05, 277.05, -1
1, 20200302  08:37:43, 277.05, 277.05, 277.05, 277.05, -1
1, 20200302  08:37:44, 277.05, 277.05, 277.05, 277.05, -1
1, 20200302  08:37:45, 277.05, 277.05, 277.05, 277.05, -1
1, 20200302  08:37:46, 277.05, 277.05, 277.05, 277.05, -1
1, 20200302  08:37:47, 277.05, 277.05, 277.05, 277.05, -1
1, 20200302  08:37:48, 277.135, 277.05, 277.05, 277.125, -1
1, 20200302  08:37:49, 277.125, 277.125, 277.125, 277.125, -1
1, 20200302  08:37:50, 277.125, 277.125, 277.125, 277.125, -1
1, 20200302  08:37:51, 277.125, 277.125, 277.125, 277.125, -1
1, 20200302  08:37:52, 277.125, 277.125, 277.125, 277.125, -1
1, 20200302  08:37:53, 277.125, 277.125, 277.125, 277.125, -1
1, 20200302  08:37:54, 277.125, 277.125, 277.125, 277.125, -1
1, 20200302  08:37:55, 277.125, 277.125, 277.125, 277.125, -1
1, 20200302  08:37:56, 277.125, 277.125, 277.125, 277.125, -1
1, 20200302  08:37:57, 277.125, 277.125, 277.125, 277.125, -1
1, 20200302  08:37:58, 277.125, 277.125, 277.125, 277.125, -1
1, 20200302  08:37:59, 277.125, 277.125, 277.125, 277.125, -1
1, 20200302  08:38:00, 277.125, 277.125, 277.125, 277.125, -1
1, 20200302  08:38:01, 277.125, 277.125, 277.125, 277.125, -1
1, 20200302  08:38:02, 277.175, 277.125, 277.125, 277.15, -1
1, 20200302  08:38:03, 277.15, 277.15, 277.15, 277.15, -1
1, 20200302  08:38:04, 277.4, 277.15, 277.15, 277.4, -1
1, 20200302  08:38:05, 277.4, 277.4, 277.4, 277.4, -1
1, 20200302  08:38:06, 277.4, 277.4, 277.4, 277.4, -1
1, 20200302  08:38:07, 277.4, 277.19, 277.4, 277.4, -1
1, 20200302  08:38:08, 277.4, 277.3, 277.4, 277.4, -1
1, 20200302  08:38:09, 277.4, 277.4, 277.4, 277.4, -1
1, 20200302  08:38:10, 277.4, 277.4, 277.4, 277.4, -1
1, 20200302  08:38:11, 277.4, 277.4, 277.4, 277.4, -1
1, 20200302  08:38:12, 277.4, 277.4, 277.4, 277.4, -1
1, 20200302  08:38:13, 277.4, 277.4, 277.4, 277.4, -1
1, 20200302  08:38:14, 277.4, 277.4, 277.4, 277.4, -1
1, 20200302  08:38:15, 277.4, 277.4, 277.4, 277.4, -1
1, 20200302  08:38:16, 277.4, 277.4, 277.4, 277.4, -1
1, 20200302  08:38:17, 277.4, 277.4, 277.4, 277.4, -1
1, 20200302  08:38:18, 277.435, 277.4, 277.4, 277.4, -1
1, 20200302  08:38:19, 277.4, 277.4, 277.4, 277.4, -1
1, 20200302  08:38:20, 277.4, 277.4, 277.4, 277.4, -1
1, 20200302  08:38:21, 277.4, 277.4, 277.4, 277.4, -1
1, 20200302  08:38:22, 277.4, 277.4, 277.4, 277.4, -1
1, 20200302  08:38:23, 277.4, 277.4, 277.4, 277.4, -1
1, 20200302  08:38:24, 277.4, 277.4, 277.4, 277.4, -1
1, 20200302  08:38:25, 277.4, 277.4, 277.4, 277.4, -1
1, 20200302  08:38:26, 277.4, 277.4, 277.4, 277.4, -1
1, 20200302  08:38:27, 277.4, 277.4, 277.4, 277.4, -1
1, 20200302  08:38:28, 277.4, 277.4, 277.4, 277.4, -1
1, 20200302  08:38:29, 277.4, 277.4, 277.4, 277.4, -1
1, 20200302  08:38:30, 277.4, 277.4, 277.4, 277.4, -1
1, 20200302  08:38:31, 277.4, 277.4, 277.4, 277.4, -1
1, 20200302  08:38:32, 277.4, 277.4, 277.4, 277.4, -1
1, 20200302  08:38:33, 277.4, 277.4, 277.4, 277.4, -1
1, 20200302  08:38:34, 277.4, 277.4, 277.4, 277.4, -1
1, 20200302  08:38:35, 277.4, 277.4, 277.4, 277.4, -1
1, 20200302  08:38:36, 277.4, 277.4, 277.4, 277.4, -1
1, 20200302  08:38:37, 277.4, 277.4, 277.4, 277.4, -1
1, 20200302  08:38:38, 277.4, 277.4, 277.4, 277.4, -1
1, 20200302  08:38:39, 277.4, 277.4, 277.4, 277.4, -1
1, 20200302  08:38:40, 277.4, 277.4, 277.4, 277.4, -1
1, 20200302  08:38:41, 277.4, 277.375, 277.4, 277.375, -1
1, 20200302  08:38:42, 277.375, 277.375, 277.375, 277.375, -1
1, 20200302  08:38:43, 277.375, 277.375, 277.375, 277.375, -1
1, 20200302  08:38:44, 277.375, 277.375, 277.375, 277.375, -1
1, 20200302  08:38:45, 277.375, 277.375, 277.375, 277.375, -1
1, 20200302  08:38:46, 277.375, 277.375, 277.375, 277.375, -1
1, 20200302  08:38:47, 277.375, 277.375, 277.375, 277.375, -1
1, 20200302  08:38:48, 277.375, 277.375, 277.375, 277.375, -1
1, 20200302  08:38:49, 277.375, 277.375, 277.375, 277.375, -1
1, 20200302  08:38:50, 277.375, 277.32, 277.375, 277.32, -1
1, 20200302  08:38:51, 277.32, 277.32, 277.32, 277.32, -1
1, 20200302  08:38:52, 277.32, 277.32, 277.32, 277.32, -1
1, 20200302  08:38:53, 277.32, 277.32, 277.32, 277.32, -1
1, 20200302  08:38:54, 277.32, 277.28, 277.32, 277.28, -1
1, 20200302  08:38:55, 277.28, 277.28, 277.28, 277.28, -1
1, 20200302  08:38:56, 277.28, 277.28, 277.28, 277.28, -1
1, 20200302  08:38:57, 277.28, 277.28, 277.28, 277.28, -1
1, 20200302  08:38:58, 277.28, 277.28, 277.28, 277.28, -1
1, 20200302  08:38:59, 277.28, 277.28, 277.28, 277.28, -1
1, 20200302  08:39:00, 277.32, 277.28, 277.28, 277.32, -1
1, 20200302  08:39:01, 277.32, 277.32, 277.32, 277.32, -1
1, 20200302  08:39:02, 277.32, 277.32, 277.32, 277.32, -1
1, 20200302  08:39:03, 277.32, 277.32, 277.32, 277.32, -1
1, 20200302  08:39:04, 277.32, 277.32, 277.32, 277.32, -1
1, 20200302  08:39:05, 277.32, 277.245, 277.32, 277.245, -1
1, 20200302  08:39:06, 277.245, 277.245, 277.245, 277.245, -1
1, 20200302  08:39:07, 277.245, 277.245, 277.245, 277.245, -1
1, 20200302  08:39:08, 277.245, 277.245, 277.245, 277.245, -1
1, 20200302  08:39:09, 277.245, 277.245, 277.245, 277.245, -1
1, 20200302  08:39:10, 277.245, 277.245, 277.245, 277.245, -1
1, 20200302  08:39:11, 277.245, 277.245, 277.245, 277.245, -1
1, 20200302  08:39:12, 277.245, 277.245, 277.245, 277.245, -1
1, 20200302  08:39:13, 277.245, 277.245, 277.245, 277.245, -1
1, 20200302  08:39:14, 277.26, 277.245, 277.245, 277.245, -1
1, 20200302  08:39:15, 277.245, 277.245, 277.245, 277.245, -1
1, 20200302  08:39:16, 277.245, 277.245, 277.245, 277.245, -1
1, 20200302  08:39:17, 277.245, 277.175, 277.245, 277.175, -1
1, 20200302  08:39:18, 277.175, 277.175, 277.175, 277.175, -1
1, 20200302  08:39:19, 277.175, 277.17, 277.175, 277.17, -1
1, 20200302  08:39:20, 277.17, 277.17, 277.17, 277.17, -1
1, 20200302  08:39:21, 277.17, 277.145, 277.17, 277.145, -1
1, 20200302  08:39:22, 277.145, 277.145, 277.145, 277.145, -1
1, 20200302  08:39:23, 277.145, 277.145, 277.145, 277.145, -1
1, 20200302  08:39:24, 277.145, 277.145, 277.145, 277.145, -1
1, 20200302  08:39:25, 277.15, 277.145, 277.145, 277.15, -1
1, 20200302  08:39:26, 277.15, 277.15, 277.15, 277.15, -1
1, 20200302  08:39:27, 277.225, 277.15, 277.15, 277.225, -1
1, 20200302  08:39:28, 277.225, 277.225, 277.225, 277.225, -1
1, 20200302  08:39:29, 277.225, 277.225, 277.225, 277.225, -1
1, 20200302  08:39:30, 277.225, 277.225, 277.225, 277.225, -1
1, 20200302  08:39:31, 277.225, 277.225, 277.225, 277.225, -1
1, 20200302  08:39:32, 277.225, 277.225, 277.225, 277.225, -1
1, 20200302  08:39:33, 277.225, 277.225, 277.225, 277.225, -1
1, 20200302  08:39:34, 277.225, 277.225, 277.225, 277.225, -1
1, 20200302  08:39:35, 277.32, 277.225, 277.225, 277.32, -1
1, 20200302  08:39:36, 277.43, 277.32, 277.32, 277.345, -1
1, 20200302  08:39:37, 277.345, 277.345, 277.345, 277.345, -1
1, 20200302  08:39:38, 277.345, 277.345, 277.345, 277.345, -1
1, 20200302  08:39:39, 277.345, 277.345, 277.345, 277.345, -1
1, 20200302  08:39:40, 277.345, 277.345, 277.345, 277.345, -1
1, 20200302  08:39:41, 277.475, 277.345, 277.345, 277.475, -1
1, 20200302  08:39:42, 277.475, 277.475, 277.475, 277.475, -1
1, 20200302  08:39:43, 277.475, 277.475, 277.475, 277.475, -1
1, 20200302  08:39:44, 277.475, 277.475, 277.475, 277.475, -1
1, 20200302  08:39:45, 277.475, 277.475, 277.475, 277.475, -1
1, 20200302  08:39:46, 277.475, 277.32, 277.475, 277.32, -1
1, 20200302  08:39:47, 277.32, 277.32, 277.32, 277.32, -1
1, 20200302  08:39:48, 277.32, 277.32, 277.32, 277.32, -1
1, 20200302  08:39:49, 277.32, 277.32, 277.32, 277.32, -1
1, 20200302  08:39:50, 277.32, 277.25, 277.32, 277.25, -1
1, 20200302  08:39:51, 277.25, 277.25, 277.25, 277.25, -1
1, 20200302  08:39:52, 277.25, 277.25, 277.25, 277.25, -1
1, 20200302  08:39:53, 277.25, 277.25, 277.25, 277.25, -1
1, 20200302  08:39:54, 277.25, 277.25, 277.25, 277.25, -1
1, 20200302  08:39:55, 277.25, 277.25, 277.25, 277.25, -1
1, 20200302  08:39:56, 277.25, 277.25, 277.25, 277.25, -1
1, 20200302  08:39:57, 277.25, 277.25, 277.25, 277.25, -1
1, 20200302  08:39:58, 277.25, 277.25, 277.25, 277.25, -1
1, 20200302  08:39:59, 277.25, 277.25, 277.25, 277.25, -1
